SHA256,RunningTime,RunningUser,PID,PPID,CreationTime,ProcessPath,CommandLine,Status,VirtualMemorySize,ResidentSetSize,MemoryPercentage,OpenFiles,ListeningPorts,CurrentWorkingDir,EnvironmentVars
60a3008395eadb95a93ce989d092a1ed67ba452eedf1d02760bf8ad84c39d1c9,429531,root,1,0,2023-08-01 15:51:17,/lib/systemd/systemd,"/sbin/init splash ",S,225884,9664,0.92,307,27017,44363,53,22,4822,631,8090,,,/,"HOME=/;init=/sbin/init;NETWORK_SKIP_ENSLAVED=;recovery=;TERM=linux;drop_caps=;BOOT_IMAGE=/boot/vmlinuz-4.15.0-213-generic;PATH=/sbin:/usr/sbin:/bin:/usr/bin;PWD=/;rootmnt=/root "
N/A,429532,root,2,0,2023-08-01 15:51:17,N/A,"",S,,,0.00,0,27017,44363,53,22,4822,631,8090,,,/,""
N/A,429532,root,4,2,2023-08-01 15:51:17,N/A,"",I,,,0.00,0,44363,53,4822,/,""
N/A,429532,root,6,2,2023-08-01 15:51:17,N/A,"",I,,,0.00,0,44363,631,8090,,,/,""
N/A,429532,root,7,2,2023-08-01 15:51:17,N/A,"",S,,,0.00,0,27017,44363,53,4822,631,8090,/,""
N/A,429532,root,8,2,2023-08-01 15:51:17,N/A,"",I,,,0.00,0,4822,631,8090,,/,""
N/A,429533,root,9,2,2023-08-01 15:51:17,N/A,"",I,,,0.00,0,53,631,8090,,/,""
N/A,429533,root,10,2,2023-08-01 15:51:17,N/A,"",S,,,0.00,0,27017,22,4822,,/,""
N/A,429533,root,11,2,2023-08-01 15:51:17,N/A,"",S,,,0.00,0,22,,/,""
N/A,429533,root,12,2,2023-08-01 15:51:17,N/A,"",S,,,0.00,0,27017,44363,53,4822,631,8090,/,""
N/A,429533,root,13,2,2023-08-01 15:51:17,N/A,"",S,,,0.00,0,,/,""
N/A,429534,root,14,2,2023-08-01 15:51:17,N/A,"",S,,,0.00,0,,/,""
N/A,429534,root,15,2,2023-08-01 15:51:17,N/A,"",S,,,0.00,0,,/,""
N/A,429534,root,16,2,2023-08-01 15:51:17,N/A,"",S,,,0.00,0,44363,/,""
N/A,429534,root,18,2,2023-08-01 15:51:17,N/A,"",I,,,0.00,0,,/,""
N/A,429534,root,19,2,2023-08-01 15:51:17,N/A,"",S,,,0.00,0,,/,""
N/A,429535,root,20,2,2023-08-01 15:51:17,N/A,"",S,,,0.00,0,,/,""
N/A,429535,root,21,2,2023-08-01 15:51:17,N/A,"",S,,,0.00,0,,/,""
N/A,429535,root,22,2,2023-08-01 15:51:17,N/A,"",S,,,0.00,0,22,4822,,/,""
N/A,429535,root,24,2,2023-08-01 15:51:17,N/A,"",I,,,0.00,0,,/,""
N/A,429535,root,25,2,2023-08-01 15:51:17,N/A,"",S,,,0.00,0,44363,/,""
N/A,429536,root,26,2,2023-08-01 15:51:17,N/A,"",S,,,0.00,0,,/,""
N/A,429536,root,27,2,2023-08-01 15:51:17,N/A,"",S,,,0.00,0,27017,44363,53,4822,631,8090,/,""
N/A,429536,root,28,2,2023-08-01 15:51:17,N/A,"",S,,,0.00,0,,/,""
N/A,429536,root,30,2,2023-08-01 15:51:17,N/A,"",I,,,0.00,0,,/,""
N/A,429536,root,31,2,2023-08-01 15:51:17,N/A,"",S,,,0.00,0,631,,/,""
N/A,429537,root,32,2,2023-08-01 15:51:17,N/A,"",I,,,0.00,0,631,,/,""
N/A,429537,root,33,2,2023-08-01 15:51:17,N/A,"",S,,,0.00,0,,/,""
N/A,429537,root,34,2,2023-08-01 15:51:17,N/A,"",S,,,0.00,0,,/,""
N/A,429537,root,36,2,2023-08-01 15:51:17,N/A,"",S,,,0.00,0,44363,/,""
N/A,429538,root,37,2,2023-08-01 15:51:17,N/A,"",S,,,0.00,0,,/,""
N/A,429538,root,38,2,2023-08-01 15:51:17,N/A,"",I,,,0.00,0,,/,""
N/A,429538,root,39,2,2023-08-01 15:51:17,N/A,"",S,,,0.00,0,,/,""
N/A,429538,root,40,2,2023-08-01 15:51:17,N/A,"",S,,,0.00,0,,/,""
N/A,429539,root,41,2,2023-08-01 15:51:17,N/A,"",S,,,0.00,0,,/,""
N/A,429539,root,42,2,2023-08-01 15:51:17,N/A,"",I,,,0.00,0,,/,""
N/A,429539,root,43,2,2023-08-01 15:51:17,N/A,"",I,,,0.00,0,44363,/,""
N/A,429539,root,44,2,2023-08-01 15:51:17,N/A,"",I,,,0.00,0,44363,/,""
N/A,429539,root,45,2,2023-08-01 15:51:17,N/A,"",I,,,0.00,0,,/,""
N/A,429540,root,46,2,2023-08-01 15:51:17,N/A,"",I,,,0.00,0,,/,""
N/A,429540,root,47,2,2023-08-01 15:51:17,N/A,"",I,,,0.00,0,,/,""
N/A,429540,root,48,2,2023-08-01 15:51:17,N/A,"",I,,,0.00,0,4822,/,""
N/A,429540,root,49,2,2023-08-01 15:51:17,N/A,"",I,,,0.00,0,53,/,""
N/A,429537,root,55,2,2023-08-01 15:51:20,N/A,"",S,,,0.00,0,,/,""
N/A,429538,root,56,2,2023-08-01 15:51:20,N/A,"",I,,,0.00,0,,/,""
N/A,429538,root,57,2,2023-08-01 15:51:20,N/A,"",S,,,0.00,0,,/,""
N/A,429538,root,99,2,2023-08-01 15:51:20,N/A,"",I,,,0.00,0,,/,""
N/A,429538,root,100,2,2023-08-01 15:51:20,N/A,"",I,,,0.00,0,27017,4822,/,""
N/A,429538,root,101,2,2023-08-01 15:51:20,N/A,"",S,,,0.00,0,22,,/,""
N/A,429539,root,102,2,2023-08-01 15:51:20,N/A,"",I,,,0.00,0,,/,""
N/A,429539,root,103,2,2023-08-01 15:51:20,N/A,"",S,,,0.00,0,,/,""
N/A,429539,root,104,2,2023-08-01 15:51:20,N/A,"",I,,,0.00,0,,/,""
N/A,429539,root,110,2,2023-08-01 15:51:20,N/A,"",I,,,0.00,0,,/,""
N/A,429539,root,119,2,2023-08-01 15:51:20,N/A,"",I,,,0.00,0,,/,""
N/A,429540,root,136,2,2023-08-01 15:51:20,N/A,"",I,,,0.00,0,,/,""
N/A,429535,root,192,2,2023-08-01 15:51:25,N/A,"",I,,,0.00,0,,/,""
N/A,429535,root,193,2,2023-08-01 15:51:25,N/A,"",I,,,0.00,0,,/,""
N/A,429535,root,194,2,2023-08-01 15:51:25,N/A,"",S,,,0.00,0,,/,""
N/A,429535,root,195,2,2023-08-01 15:51:25,N/A,"",I,,,0.00,0,,/,""
N/A,429536,root,196,2,2023-08-01 15:51:25,N/A,"",S,,,0.00,0,,/,""
N/A,429536,root,197,2,2023-08-01 15:51:25,N/A,"",I,,,0.00,0,,/,""
N/A,429536,root,198,2,2023-08-01 15:51:25,N/A,"",S,,,0.00,0,,/,""
N/A,429536,root,199,2,2023-08-01 15:51:25,N/A,"",I,,,0.00,0,,/,""
N/A,429536,root,200,2,2023-08-01 15:51:25,N/A,"",S,,,0.00,0,,/,""
N/A,429537,root,201,2,2023-08-01 15:51:25,N/A,"",I,,,0.00,0,,/,""
N/A,429537,root,202,2,2023-08-01 15:51:25,N/A,"",S,,,0.00,0,,/,""
N/A,429537,root,203,2,2023-08-01 15:51:25,N/A,"",I,,,0.00,0,,/,""
N/A,429537,root,204,2,2023-08-01 15:51:25,N/A,"",S,,,0.00,0,,/,""
N/A,429538,root,205,2,2023-08-01 15:51:25,N/A,"",I,,,0.00,0,,/,""
N/A,429538,root,206,2,2023-08-01 15:51:25,N/A,"",S,,,0.00,0,,/,""
N/A,429538,root,207,2,2023-08-01 15:51:25,N/A,"",I,,,0.00,0,,/,""
N/A,429538,root,208,2,2023-08-01 15:51:25,N/A,"",S,,,0.00,0,,/,""
N/A,429538,root,209,2,2023-08-01 15:51:25,N/A,"",I,,,0.00,0,,/,""
N/A,429539,root,210,2,2023-08-01 15:51:25,N/A,"",S,,,0.00,0,,/,""
N/A,429539,root,211,2,2023-08-01 15:51:25,N/A,"",I,,,0.00,0,,/,""
N/A,429539,root,212,2,2023-08-01 15:51:25,N/A,"",S,,,0.00,0,,/,""
N/A,429539,root,213,2,2023-08-01 15:51:25,N/A,"",I,,,0.00,0,,/,""
N/A,429539,root,214,2,2023-08-01 15:51:25,N/A,"",S,,,0.00,0,,/,""
N/A,429540,root,215,2,2023-08-01 15:51:25,N/A,"",I,,,0.00,0,,/,""
N/A,429540,root,216,2,2023-08-01 15:51:25,N/A,"",S,,,0.00,0,,/,""
N/A,429540,root,217,2,2023-08-01 15:51:25,N/A,"",I,,,0.00,0,,/,""
N/A,429540,root,218,2,2023-08-01 15:51:25,N/A,"",S,,,0.00,0,,/,""
N/A,429540,root,219,2,2023-08-01 15:51:25,N/A,"",I,,,0.00,0,,/,""
N/A,429541,root,220,2,2023-08-01 15:51:25,N/A,"",S,,,0.00,0,,/,""
N/A,429541,root,221,2,2023-08-01 15:51:25,N/A,"",I,,,0.00,0,,/,""
N/A,429541,root,222,2,2023-08-01 15:51:25,N/A,"",S,,,0.00,0,,/,""
N/A,429541,root,223,2,2023-08-01 15:51:25,N/A,"",I,,,0.00,0,,/,""
N/A,429542,root,224,2,2023-08-01 15:51:25,N/A,"",S,,,0.00,0,,/,""
N/A,429542,root,225,2,2023-08-01 15:51:25,N/A,"",I,,,0.00,0,,/,""
N/A,429542,root,226,2,2023-08-01 15:51:25,N/A,"",S,,,0.00,0,,/,""
N/A,429542,root,227,2,2023-08-01 15:51:25,N/A,"",I,,,0.00,0,,/,""
N/A,429543,root,228,2,2023-08-01 15:51:25,N/A,"",S,,,0.00,0,,/,""
N/A,429543,root,229,2,2023-08-01 15:51:25,N/A,"",I,,,0.00,0,,/,""
N/A,429543,root,230,2,2023-08-01 15:51:25,N/A,"",S,,,0.00,0,,/,""
N/A,429543,root,231,2,2023-08-01 15:51:25,N/A,"",I,,,0.00,0,,/,""
N/A,429543,root,232,2,2023-08-01 15:51:25,N/A,"",S,,,0.00,0,,/,""
N/A,429544,root,233,2,2023-08-01 15:51:25,N/A,"",I,,,0.00,0,,/,""
N/A,429544,root,234,2,2023-08-01 15:51:25,N/A,"",S,,,0.00,0,,/,""
N/A,429544,root,235,2,2023-08-01 15:51:25,N/A,"",I,,,0.00,0,,/,""
N/A,429544,root,236,2,2023-08-01 15:51:25,N/A,"",S,,,0.00,0,,/,""
N/A,429545,root,237,2,2023-08-01 15:51:25,N/A,"",I,,,0.00,0,,/,""
N/A,429545,root,238,2,2023-08-01 15:51:25,N/A,"",S,,,0.00,0,,/,""
N/A,429545,root,239,2,2023-08-01 15:51:25,N/A,"",I,,,0.00,0,,/,""
N/A,429545,root,240,2,2023-08-01 15:51:25,N/A,"",S,,,0.00,0,,/,""
N/A,429546,root,241,2,2023-08-01 15:51:25,N/A,"",I,,,0.00,0,,/,""
N/A,429546,root,242,2,2023-08-01 15:51:25,N/A,"",S,,,0.00,0,,/,""
N/A,429546,root,243,2,2023-08-01 15:51:25,N/A,"",I,,,0.00,0,,/,""
N/A,429546,root,244,2,2023-08-01 15:51:25,N/A,"",S,,,0.00,0,,/,""
N/A,429547,root,245,2,2023-08-01 15:51:25,N/A,"",I,,,0.00,0,,/,""
N/A,429547,root,246,2,2023-08-01 15:51:25,N/A,"",S,,,0.00,0,,/,""
N/A,429547,root,247,2,2023-08-01 15:51:25,N/A,"",I,,,0.00,0,,/,""
N/A,429547,root,248,2,2023-08-01 15:51:25,N/A,"",S,,,0.00,0,,/,""
N/A,429548,root,249,2,2023-08-01 15:51:25,N/A,"",I,,,0.00,0,,/,""
N/A,429548,root,250,2,2023-08-01 15:51:25,N/A,"",S,,,0.00,0,,/,""
N/A,429548,root,251,2,2023-08-01 15:51:25,N/A,"",I,,,0.00,0,,/,""
N/A,429548,root,252,2,2023-08-01 15:51:25,N/A,"",S,,,0.00,0,,/,""
N/A,429548,root,253,2,2023-08-01 15:51:25,N/A,"",I,,,0.00,0,,/,""
N/A,429549,root,281,2,2023-08-01 15:51:25,N/A,"",S,,,0.00,0,,/,""
N/A,429549,root,282,2,2023-08-01 15:51:25,N/A,"",I,,,0.00,0,,/,""
N/A,429549,root,283,2,2023-08-01 15:51:25,N/A,"",I,,,0.00,0,,/,""
N/A,429549,root,284,2,2023-08-01 15:51:25,N/A,"",S,,,0.00,0,,/,""
N/A,429550,root,298,2,2023-08-01 15:51:25,N/A,"",I,,,0.00,0,631,,/,""
N/A,429550,root,368,2,2023-08-01 15:51:25,N/A,"",I,,,0.00,0,,/,""
N/A,429550,root,372,2,2023-08-01 15:51:25,N/A,"",I,,,0.00,0,,/,""
N/A,429549,root,380,2,2023-08-01 15:51:26,N/A,"",I,,,0.00,0,,/,""
N/A,429549,root,381,2,2023-08-01 15:51:26,N/A,"",S,,,0.00,0,,/,""
N/A,429550,root,382,2,2023-08-01 15:51:26,N/A,"",I,,,0.00,0,,/,""
e15eb4ab6e12bcd4fbd1137903817357be8d2a91100d46edf27c87a80df1545d,429550,root,412,1,2023-08-01 15:51:26,/lib/systemd/systemd-journald,"/lib/systemd/systemd-journald ",S,144820,48760,4.65,256,,/,"LANG=en_IL;LANGUAGE=en_IL:en;PATH=/usr/local/sbin:/usr/local/bin:/usr/sbin:/usr/bin:/sbin:/bin:/snap/bin;NOTIFY_SOCKET=/run/systemd/notify;LISTEN_PID=412;LISTEN_FDS=4;LISTEN_FDNAMES=systemd-journald-dev-log.socket:systemd-journald-audit.socket:systemd-journald.socket:systemd-journald.socket;INVOCATION_ID=34bc6876848443d4b8a38ddde4e49699 "
295bef2d6d9034372f81a97ddd783f266e4fed6ac4ce794101240b7d32cd203f,429550,root,433,1,2023-08-01 15:51:26,/lib/systemd/systemd-udevd,"/lib/systemd/systemd-udevd ",S,47448,5712,0.54,14,,/,"LANG=en_IL;LANGUAGE=en_IL:en;PATH=/usr/local/sbin:/usr/local/bin:/usr/sbin:/usr/bin:/sbin:/bin:/snap/bin;NOTIFY_SOCKET=/run/systemd/notify;LISTEN_PID=433;LISTEN_FDS=2;LISTEN_FDNAMES=systemd-udevd-kernel.socket:systemd-udevd-control.socket;WATCHDOG_PID=433;WATCHDOG_USEC=180000000;INVOCATION_ID=37097d36079a48b7a956d3291df292c8;JOURNAL_STREAM=9:13206 "
N/A,429550,root,441,2,2023-08-01 15:51:26,N/A,"",S,,,0.00,0,,/,""
N/A,429551,root,471,2,2023-08-01 15:51:26,N/A,"",S,,,0.00,0,,/,""
N/A,429550,root,482,2,2023-08-01 15:51:27,N/A,"",S,,,0.00,0,4822,/,""
N/A,429550,root,489,2,2023-08-01 15:51:27,N/A,"",S,,,0.00,0,,/,""
N/A,429550,root,490,2,2023-08-01 15:51:27,N/A,"",S,,,0.00,0,,/,""
N/A,429550,root,493,2,2023-08-01 15:51:27,N/A,"",S,,,0.00,0,,/,""
N/A,429551,root,494,2,2023-08-01 15:51:27,N/A,"",S,,,0.00,0,,/,""
N/A,429551,root,495,2,2023-08-01 15:51:27,N/A,"",S,,,0.00,0,,/,""
N/A,429551,root,496,2,2023-08-01 15:51:27,N/A,"",S,,,0.00,0,,/,""
N/A,429551,root,497,2,2023-08-01 15:51:27,N/A,"",S,,,0.00,0,,/,""
N/A,429552,root,498,2,2023-08-01 15:51:27,N/A,"",S,,,0.00,0,,/,""
N/A,429552,root,499,2,2023-08-01 15:51:27,N/A,"",S,,,0.00,0,,/,""
N/A,429552,root,501,2,2023-08-01 15:51:27,N/A,"",S,,,0.00,0,,/,""
N/A,429552,root,502,2,2023-08-01 15:51:27,N/A,"",S,,,0.00,0,,/,""
N/A,429552,root,503,2,2023-08-01 15:51:27,N/A,"",S,,,0.00,0,,/,""
N/A,429553,root,504,2,2023-08-01 15:51:27,N/A,"",S,,,0.00,0,,/,""
N/A,429553,root,505,2,2023-08-01 15:51:27,N/A,"",S,,,0.00,0,,/,""
N/A,429553,root,506,2,2023-08-01 15:51:27,N/A,"",S,,,0.00,0,,/,""
N/A,429553,root,507,2,2023-08-01 15:51:27,N/A,"",S,,,0.00,0,,/,""
N/A,429553,root,508,2,2023-08-01 15:51:27,N/A,"",S,,,0.00,0,,/,""
N/A,429554,root,509,2,2023-08-01 15:51:27,N/A,"",S,,,0.00,0,,/,""
N/A,429554,root,510,2,2023-08-01 15:51:27,N/A,"",S,,,0.00,0,,/,""
N/A,429554,root,511,2,2023-08-01 15:51:27,N/A,"",S,,,0.00,0,,/,""
N/A,429554,root,512,2,2023-08-01 15:51:27,N/A,"",S,,,0.00,0,,/,""
N/A,429555,root,513,2,2023-08-01 15:51:27,N/A,"",S,,,0.00,0,,/,""
N/A,429555,root,514,2,2023-08-01 15:51:27,N/A,"",S,,,0.00,0,,/,""
N/A,429555,root,515,2,2023-08-01 15:51:27,N/A,"",S,,,0.00,0,,/,""
534a729854af6232f2c22049eec436dd2110172896ca4a45bd389c4f40fe46f0,429555,systemd+,548,1,2023-08-01 15:51:27,/lib/systemd/systemd-timesyncd,"/lib/systemd/systemd-timesyncd ",S,145964,3304,0.32,14,,/,"LANG=en_IL;LANGUAGE=en_IL:en;PATH=/usr/local/sbin:/usr/local/bin:/usr/sbin:/usr/bin:/sbin:/bin:/snap/bin;NOTIFY_SOCKET=/run/systemd/notify;WATCHDOG_PID=548;WATCHDOG_USEC=180000000;LOGNAME=systemd-timesync;USER=systemd-timesync;INVOCATION_ID=891852abb2524074bb9f570ee74087f4;JOURNAL_STREAM=9:17779 "
a45e31f8e86ab789180f7aacb388f79d51b9900dec1332ddbf5f80a5d3c535cf,429555,systemd+,549,1,2023-08-01 15:51:27,/lib/systemd/systemd-resolved,"/lib/systemd/systemd-resolved ",S,71076,6452,0.62,15,53,/,"LANG=en_IL;LANGUAGE=en_IL:en;PATH=/usr/local/sbin:/usr/local/bin:/usr/sbin:/usr/bin:/sbin:/bin:/snap/bin;NOTIFY_SOCKET=/run/systemd/notify;WATCHDOG_PID=549;WATCHDOG_USEC=180000000;HOME=/run/systemd/resolve;LOGNAME=systemd-resolve;USER=systemd-resolve;INVOCATION_ID=3fd061b03e2e44fe803627f343cf3668;JOURNAL_STREAM=9:14314 "
262c816cbe4af544a3ea6e78624fe22a86220590fc7d8cff89fce7776b54587e,429555,root,722,1,2023-08-01 15:51:28,/usr/bin/VGAuthService,"/usr/bin/VGAuthService ",S,91196,10316,0.98,10,,/,"LANG=en_IL;LANGUAGE=en_IL:en;PATH=/usr/local/sbin:/usr/local/bin:/usr/sbin:/usr/bin:/sbin:/bin:/snap/bin;INVOCATION_ID=cd0330794b46492ca2d967eac714c818;JOURNAL_STREAM=9:20619 "
52b8ac094d7c40b2d749741ae371264b15f27102279d33e5152f5654e5b4702b,429555,root,723,1,2023-08-01 15:51:28,/usr/bin/vmtoolsd,"/usr/bin/vmtoolsd ",S,228492,7908,0.75,10,,/,"LANG=en_IL;LANGUAGE=en_IL:en;PATH=/usr/local/sbin:/usr/local/bin:/usr/sbin:/usr/bin:/sbin:/bin:/snap/bin;INVOCATION_ID=cecbeb9b0ac645b7b3242f8287fb9a3d;JOURNAL_STREAM=9:18775 "
fbab84a49fab06ebb3b5745200afbf287330dc5a27e1f9edfc23e91f7a15c91a,429553,message+,860,1,2023-08-01 15:51:30,/usr/bin/dbus-daemon,"/usr/bin/dbus-daemon --system --address=systemd: --nofork --nopidfile --systemd-activation --syslog-only ",S,52840,6868,0.65,100,,/,"LANG=en_IL;LANGUAGE=en_IL:en;PATH=/usr/local/sbin:/usr/local/bin:/usr/sbin:/usr/bin:/sbin:/bin:/snap/bin;LISTEN_PID=860;LISTEN_FDS=1;LISTEN_FDNAMES=dbus.socket;SYSTEMD_NSS_BYPASS_BUS=1;INVOCATION_ID=caadfa4dcbfd41ccb8c6296cf1670a85;JOURNAL_STREAM=9:20908 "
abd48f75f585f3f8123b55c6ad7d5f924845b17a81a09f5e5cb2c4c525496439,429553,root,866,1,2023-08-01 15:51:30,/usr/sbin/ModemManager,"/usr/sbin/ModemManager ",S,427268,9108,0.87,10,,/,"LANG=en_IL;LANGUAGE=en_IL:en;PATH=/usr/local/sbin:/usr/local/bin:/usr/sbin:/usr/bin:/sbin:/bin:/snap/bin;INVOCATION_ID=e7ebfcfdf5ac4a63a6e6b9a6edb8e573;JOURNAL_STREAM=9:18920 "
5e0c61520f859fea220cbe491c687b7a41f380050a5bcfd78b5917bcec921814,429553,root,871,1,2023-08-01 15:51:30,/usr/bin/python3.6,"/usr/bin/python3 /usr/bin/networkd-dispatcher --run-startup-triggers ",S,170828,17500,1.67,6,,/,"LANG=en_IL;LANGUAGE=en_IL:en;PATH=/usr/local/sbin:/usr/local/bin:/usr/sbin:/usr/bin:/sbin:/bin:/snap/bin;NOTIFY_SOCKET=/run/systemd/notify;INVOCATION_ID=ec1db218667e4dc4a54d97f0b7b612cb;JOURNAL_STREAM=9:21834;networkd_dispatcher_args=--run-startup-triggers "
b4a5ac8396a984a97cc959a301b7135df4432c2875532f7b971302ce0369c25e,429554,root,876,1,2023-08-01 15:51:30,/sbin/wpa_supplicant,"/sbin/wpa_supplicant -u -s -O /run/wpa_supplicant ",S,45240,5452,0.52,5,,/,"LANG=en_IL;LANGUAGE=en_IL:en;PATH=/usr/local/sbin:/usr/local/bin:/usr/sbin:/usr/bin:/sbin:/bin:/snap/bin;INVOCATION_ID=ddb044c8da89412a95bb6c22df3e6bc7;JOURNAL_STREAM=9:21191 "
a77f292f9d9daa8c134953c5d0ed6ee1deced07cf0a2999973de7d9ed182ca0a,429554,root,886,1,2023-08-01 15:51:30,/usr/sbin/cron,"/usr/sbin/cron -f ",S,31324,3272,0.31,4,,/var/spool/cron,"LANG=en_IL;LANGUAGE=en_IL:en;PATH=/usr/local/sbin:/usr/local/bin:/usr/sbin:/usr/bin:/sbin:/bin:/snap/bin;INVOCATION_ID=6d2301496caf4524a021ab4cec0ac533;JOURNAL_STREAM=9:19034 "
49cd0351349ef03b29233fe6b7bba5fe5cf1b36a918bbd7690f0f66dbab67648,429554,root,887,1,2023-08-01 15:51:30,/usr/sbin/acpid,"/usr/sbin/acpid ",S,4560,852,0.08,8,,/,"LANG=en_IL;LANGUAGE=en_IL:en;PATH=/usr/local/sbin:/usr/local/bin:/usr/sbin:/usr/bin:/sbin:/bin:/snap/bin;INVOCATION_ID=35504236232f42e2a974bb4c8f508587 "
6c0210ac3f0cbeba032479e023652eb4259ce3cfff23d9cd64bc2d3d8d0b8d2a,429554,root,888,1,2023-08-01 15:51:30,/snap/core/15511/usr/lib/snapd/snapd,"/usr/lib/snapd/snapd ",S,1189832,53344,5.09,11,,/,"LANG=en_IL;LANGUAGE=en_IL:en;PATH=/usr/local/sbin:/usr/local/bin:/usr/sbin:/usr/bin:/sbin:/bin:/usr/games:/usr/local/games:/snap/bin;NOTIFY_SOCKET=/run/systemd/notify;LISTEN_PID=888;LISTEN_FDS=2;LISTEN_FDNAMES=snapd.socket:snapd.socket;WATCHDOG_PID=888;WATCHDOG_USEC=300000000;INVOCATION_ID=95e24255f5af490fa608963faa5a2e6b;JOURNAL_STREAM=9:19105 "
f67754dee11a32da780ed118d66bdb8a5d6259eefb6dc8148df63f15fb9a9040,429555,root,890,1,2023-08-01 15:51:30,/usr/lib/accountsservice/accounts-daemon,"/usr/lib/accountsservice/accounts-daemon ",S,287724,7228,0.69,11,,/,"LANG=en_IL;LANGUAGE=en_IL:en;PATH=/usr/local/sbin:/usr/local/bin:/usr/sbin:/usr/bin:/sbin:/bin:/snap/bin;INVOCATION_ID=9568022592dc4af2a2abfdf28cdcd11c;JOURNAL_STREAM=9:21281;GVFS_DISABLE_FUSE=1;GIO_USE_VFS=local;GVFS_REMOTE_VOLUME_MONITOR_IGNORE=1 "
33d974d3b53b0ee48cfcbe8a864e97797da10de25065e04d8e85c610099a8718,429555,root,892,1,2023-08-01 15:51:30,/usr/sbin/NetworkManager,"/usr/sbin/NetworkManager --no-daemon ",S,558876,17200,1.64,19,,/,"LANG=en_IL;LANGUAGE=en_IL:en;PATH=/usr/local/sbin:/usr/local/bin:/usr/sbin:/usr/bin:/sbin:/bin:/snap/bin;INVOCATION_ID=f35f72954c4d4e2794334081e66e170d;JOURNAL_STREAM=9:19176 "
c1522b59c1107af78ac20be0af3f93358b8b66e7ac92644244e46148e73b1141,429555,root,894,1,2023-08-01 15:51:30,/usr/lib/udisks2/udisksd,"/usr/lib/udisks2/udisksd ",S,503744,11760,1.12,15,,/,"LANG=en_IL;LANGUAGE=en_IL:en;PATH=/usr/local/sbin:/usr/local/bin:/usr/sbin:/usr/bin:/sbin:/bin:/snap/bin;INVOCATION_ID=a05cbac22c6644cba571f419b03a6a03;JOURNAL_STREAM=9:19980 "
db12502cc19a41e9f4b075a2c04b4bb1725ca1042ee0b0dfb3834665e565030a,429556,avahi,895,1,2023-08-01 15:51:30,/usr/sbin/avahi-daemon,"avahi-daemon: running [ubuntu174-ad2-vm-5.local]",S,47272,3304,0.32,17,,/etc/avahi,"ntu174-ad2-vm-5.local];;;;;;;;;;;;;;;;;;;;;;;;;;;;;;;;;;;;;;;;;;;;;;;;;;;;;;;;;;;;;;;;;;;;;;;;;;;;;;;;;;;;;;;;;;;;;;;;;;;;;;;;;;;;;;;;;;;;;;;;;;;;;;;;;;;;;;;;;;;;;;;;;;;;;;;;;;;;;;;;;;;;;;;;;;;;;;;;;;;;;;;;;;;;;;;;;;;;;;;;;;;;;;;;;;;;;;;;;;;;;;;;;;;;;;;;;;;;;;;;;;;;;;;;; "
6e71547aff8a96a0619a2d7982d0604eecec46ca98d31ab3bea7e8217ed360f7,429556,root,897,1,2023-08-01 15:51:30,/lib/systemd/systemd-logind,"/lib/systemd/systemd-logind ",S,70572,6120,0.58,50,,/,"LANG=en_IL;LANGUAGE=en_IL:en;PATH=/usr/local/sbin:/usr/local/bin:/usr/sbin:/usr/bin:/sbin:/bin:/snap/bin;NOTIFY_SOCKET=/run/systemd/notify;WATCHDOG_PID=897;WATCHDOG_USEC=180000000;INVOCATION_ID=e4f8bc64648146fcba796c5bfabbad27;JOURNAL_STREAM=9:20124 "
2fd599fd4c4328d742a7c4f8a42c171fd5c4d1a60ccdd0e00000620b1fd5addf,429556,syslog,900,1,2023-08-01 15:51:30,/usr/sbin/rsyslogd,"/usr/sbin/rsyslogd -n ",S,269340,5192,0.50,10,,/,"LANG=en_IL;LANGUAGE=en_IL:en;PATH=/usr/local/sbin:/usr/local/bin:/usr/sbin:/usr/bin:/sbin:/bin:/snap/bin;NOTIFY_SOCKET=/run/systemd/notify;LISTEN_PID=900;LISTEN_FDS=1;LISTEN_FDNAMES=syslog.socket;INVOCATION_ID=9145fe4ed3bb4bb786e459af444ac668 "
5cb99c0171d888b9c3eca254410605e4f1dde03d2cf9ea6b135e9c912c69d600,429556,root,901,1,2023-08-01 15:51:30,/usr/sbin/irqbalance,"/usr/sbin/irqbalance --foreground ",S,110552,2120,0.20,6,,/,"LANG=en_IL;LANGUAGE=en_IL:en;PATH=/usr/local/sbin:/usr/local/bin:/usr/sbin:/usr/bin:/sbin:/bin:/snap/bin;INVOCATION_ID=9c3c5ddafa394ce684695f36787f66e0;JOURNAL_STREAM=9:20197 "
5bf8bcf0a44902058757be0cc0e24a479667dade4cc77c6361ff70b76e1064ef,429557,root,916,1,2023-08-01 15:51:30,/usr/lib/policykit-1/polkitd,"/usr/lib/policykit-1/polkitd --no-debug ",S,296380,10408,0.99,11,,/,"LANG=en_IL;LANGUAGE=en_IL:en;PATH=/usr/local/sbin:/usr/local/bin:/usr/sbin:/usr/bin:/sbin:/bin:/snap/bin;INVOCATION_ID=686acea37c8746a9b2a3e0eb563733f8;JOURNAL_STREAM=9:20300 "
db12502cc19a41e9f4b075a2c04b4bb1725ca1042ee0b0dfb3834665e565030a,429557,avahi,927,895,2023-08-01 15:51:30,/usr/sbin/avahi-daemon,"avahi-daemon: chroot helper",S,47084,344,0.03,6,,/,"r;;;;;;;;;;;;;;;;;;;;;;;;;;;;;;;;;;;;;;;;;;;;;;;;;;;;;;;;;;;;;;;;;;;;;;;;;;;;;;;;;;;;;;;;;;;;;;;;;;;;;;;;;;;;;;;;;;;;;;;;;;;;;;;;;;;;;;;;;;;;;;;;;;;;;;;;;;;;;;;;;;;;;;;;;;;;;;;;;;;;;;;;;;;;;;;;;;;;;;;;;;;;;;;;;;;;;;;;;;;;;;;;;;;;;;;;;;;;;;;;;;;;;;;;;;;;;;;;;;;;;;;;;;;;;; "
beaef671ddccd6288c9a2ae709f1ae8928d6c807b0e5ddf3741231d89d7648d3,429556,mongodb,1001,1,2023-08-01 15:51:31,/usr/bin/mongod,"/usr/bin/mongod --unixSocketPrefix=/run/mongodb --config /etc/mongodb.conf ",S,1025296,79296,7.56,38,27017,/,"LANG=en_IL;LANGUAGE=en_IL:en;PATH=/usr/local/sbin:/usr/local/bin:/usr/sbin:/usr/bin:/sbin:/bin:/snap/bin;HOME=/var/lib/mongodb;LOGNAME=mongodb;USER=mongodb;INVOCATION_ID=df8b08253de24925b56063ab6cc658d6;JOURNAL_STREAM=9:22722;CONF=/etc/mongodb.conf;SOCKETPATH=/run/mongodb "
e2c910d554525b704b66a4a6e47965cee92fdd5506efa0f6d83fd08473bdc54b,429557,guacd,1007,1,2023-08-01 15:51:31,/usr/sbin/guacd,"/usr/sbin/guacd -b 127.0.0.1 -l 4822 -p /var/run/guacd/guacd.pid ",S,78272,9912,0.95,5,4822,/,"LANG=en_IL;LANGUAGE=en_IL:en;PATH=/usr/local/sbin:/usr/local/bin:/usr/sbin:/usr/bin:/sbin:/bin:/snap/bin;HOME=/var/run/guacd;LOGNAME=guacd;USER=guacd;SHELL=/bin/false;INVOCATION_ID=1c19626216504ad8a60125f18d81899f;JOURNAL_STREAM=9:22823;LISTEN_ADDRESS=127.0.0.1;LISTEN_PORT=4822;DAEMON_ARGS= "
531c16c7981824c043621e2372889d32bc1f985e6821ce13e15fd9069087b997,429557,root,1011,1,2023-08-01 15:51:31,/usr/sbin/sshd,"/usr/sbin/sshd -D ",S,72304,5748,0.55,5,22,,/,"LANG=en_IL;LANGUAGE=en_IL:en;PATH=/usr/local/sbin:/usr/local/bin:/usr/sbin:/usr/bin:/sbin:/bin:/snap/bin;NOTIFY_SOCKET=/run/systemd/notify;INVOCATION_ID=7f5aa22f00a543c8ad462ef60c72f5f6;JOURNAL_STREAM=9:22371;SSHD_OPTS= "
81e890198e2679e25684c625edfab221d9c3fab5dd2f591a4686c6d500504057,429557,root,1018,1,2023-08-01 15:51:31,/usr/sbin/gdm3,"/usr/sbin/gdm3 ",S,301080,7984,0.76,22,,/,"LANG=en_IL;LANGUAGE=en_IL:en;PATH=/usr/local/sbin:/usr/local/bin:/usr/sbin:/usr/bin:/sbin:/bin:/snap/bin;INVOCATION_ID=639a33a80b0d4427b1c558520d1d600e;JOURNAL_STREAM=9:23323 "
8cb52c179948b91806974e69b6333592c5057bb2ff12a18c3367d3eef1e11188,429557,root,1021,892,2023-08-01 15:51:31,/sbin/dhclient,"/sbin/dhclient -d -q -sf /usr/lib/NetworkManager/nm-dhcp-helper -pf /run/dhclient-ens160.pid -lf /var/lib/NetworkManager/dhclient-6c8fad43-a2cb-30c5-97c4-d93d82baaa86-ens160.lease -cf /var/lib/NetworkManager/dhclient-ens160.conf ens160 ",S,25996,6240,0.60,7,,/,"LANG=en_IL;LANGUAGE=en_IL:en;PATH=/usr/local/sbin:/usr/local/bin:/usr/sbin:/usr/bin:/sbin:/bin:/snap/bin;INVOCATION_ID=f35f72954c4d4e2794334081e66e170d;JOURNAL_STREAM=9:19176;GIO_USE_VFS=local "
87aae9ee91dde60e383a15d9b35c80cfec089e366befb82ca47c8c83958b592e,429558,root,1036,1018,2023-08-01 15:51:31,/usr/lib/gdm3/gdm-session-worker,"gdm-session-worker [pam/gdm-launch-environment] ",S,254448,8392,0.80,10,,/,"LANG=en_IL;JOURNAL_STREAM=9:23323;LANGUAGE=en_IL:en;GDM_SESSION_DBUS_ADDRESS=unix:abstract=/tmp/dbus-Byl7XLYG;PATH=/usr/local/sbin:/usr/local/bin:/usr/sbin:/usr/bin:/sbin:/bin:/snap/bin;INVOCATION_ID=639a33a80b0d4427b1c558520d1d600e "
60a3008395eadb95a93ce989d092a1ed67ba452eedf1d02760bf8ad84c39d1c9,429558,gdm,1089,1,2023-08-01 15:51:31,/lib/systemd/systemd,"/lib/systemd/systemd --user ",S,76908,8024,0.77,30,,/,"LANG=en_IL;LANGUAGE=en_IL:en;PATH=/usr/local/sbin:/usr/local/bin:/usr/sbin:/usr/bin:/sbin:/bin:/snap/bin;NOTIFY_SOCKET=/run/systemd/notify;HOME=/var/lib/gdm3;LOGNAME=gdm;USER=gdm;SHELL=/bin/false;INVOCATION_ID=57327fa1b1de464290d2d0aa3d1a3a52;JOURNAL_STREAM=9:25858;XDG_RUNTIME_DIR=/run/user/121 "
60a3008395eadb95a93ce989d092a1ed67ba452eedf1d02760bf8ad84c39d1c9,429558,gdm,1092,1089,2023-08-01 15:51:31,/lib/systemd/systemd,"(sd-pam) ",S,114080,2688,0.26,7,,/,"HOME=/;init=/sbin/init;NETWORK_SKIP_ENSLAVED=;recovery=;TERM=linux;drop_caps=;BOOT_IMAGE=/boot/vmlinuz-4.15.0-213-generic;PATH=/sbin:/usr/sbin:/bin:/usr/bin;PWD=/;rootmnt=/root "
2ee9f683a5280778ce67e85212c09d72067a6eb7a69af03089fd3b6046c5245d,429557,gdm,1122,1036,2023-08-01 15:51:32,/usr/lib/gdm3/gdm-wayland-session,"/usr/lib/gdm3/gdm-wayland-session gnome-session --autostart /usr/share/gdm/greeter/autostart ",S,190692,5568,0.53,7,,/var/lib/gdm3,"XDG_SEAT=seat0;XDG_SESSION_CLASS=greeter;LOGNAME=gdm;USER=gdm;USERNAME=gdm;HOME=/var/lib/gdm3;PWD=/var/lib/gdm3;SHELL=/bin/false;PATH=/usr/local/sbin:/usr/local/bin:/usr/sbin:/usr/bin:/sbin:/bin:/snap/bin;XDG_SESSION_TYPE=wayland;XDG_VTNR=1;LANG=en_IL;LANGUAGE=en_IL:en;XDG_SESSION_ID=c1;XDG_RUNTIME_DIR=/run/user/121;DBUS_SESSION_BUS_ADDRESS=unix:path=/run/user/121/bus;DCONF_PROFILE=gdm;GDM_SEAT_ID=seat0;RUNNING_UNDER_GDM=true;GVFS_DISABLE_FUSE=1;XDG_CURRENT_DESKTOP=GNOME-Greeter:GNOME;GVFS_REMOTE_VOLUME_MONITOR_IGNORE=1;GIO_USE_VFS=local;GDM_VERSION=3.28.3;GNOME_SHELL_SESSION_MODE=gdm;XDG_DATA_DIRS=/usr/share/gdm/greeter:/usr/local/share/:/usr/share/ "
fbab84a49fab06ebb3b5745200afbf287330dc5a27e1f9edfc23e91f7a15c91a,429558,gdm,1126,1089,2023-08-01 15:51:32,/usr/bin/dbus-daemon,"/usr/bin/dbus-daemon --session --address=systemd: --nofork --nopidfile --systemd-activation --syslog-only ",S,50264,4768,0.45,37,,/var/lib/gdm3,"DBUS_SESSION_BUS_ADDRESS=unix:path=/run/user/121/bus;HOME=/var/lib/gdm3;LANG=en_IL;LANGUAGE=en_IL:en;LOGNAME=gdm;PATH=/usr/local/sbin:/usr/local/bin:/usr/sbin:/usr/bin:/sbin:/bin:/usr/games:/usr/local/games:/snap/bin:/snap/bin;SHELL=/bin/false;USER=gdm;XDG_DATA_DIRS=/usr/local/share/:/usr/share/:/var/lib/snapd/desktop;XDG_RUNTIME_DIR=/run/user/121;MANAGERPID=1089;LISTEN_PID=1126;LISTEN_FDS=1;LISTEN_FDNAMES=dbus.socket;INVOCATION_ID=851d8abf06a8444087891b4917061f61;JOURNAL_STREAM=9:25949 "
6d28d00198afc7bda49a579d1488452e9d98153d740d953c5a0526ac32809c48,429558,gdm,1137,1122,2023-08-01 15:51:32,/usr/lib/gnome-session/gnome-session-binary,"/usr/lib/gnome-session/gnome-session-binary --autostart /usr/share/gdm/greeter/autostart ",S,625416,13572,1.29,16,,/var/lib/gdm3,"USER=gdm;LANGUAGE=en_IL:en;XDG_SEAT=seat0;XDG_SESSION_TYPE=wayland;HOME=/var/lib/gdm3;DCONF_PROFILE=gdm;GDM_VERSION=3.28.3;GNOME_SHELL_SESSION_MODE=gdm;DBUS_SESSION_BUS_ADDRESS=unix:path=/run/user/121/bus;LOGNAME=gdm;XDG_SESSION_CLASS=greeter;USERNAME=gdm;XDG_SESSION_ID=c1;GVFS_REMOTE_VOLUME_MONITOR_IGNORE=1;PATH=/usr/local/sbin:/usr/local/bin:/usr/sbin:/usr/bin:/sbin:/bin:/snap/bin;XDG_RUNTIME_DIR=/run/user/121;LANG=en_IL;XDG_CURRENT_DESKTOP=GNOME-Greeter:GNOME;GVFS_DISABLE_FUSE=1;SHELL=/bin/false;XDG_VTNR=1;RUNNING_UNDER_GDM=true;PWD=/var/lib/gdm3;GDM_SEAT_ID=seat0;XDG_DATA_DIRS=/usr/share/gdm/greeter:/usr/local/share/:/usr/share/;GIO_USE_VFS=local "
7512e27fb446fcd4deb75ebffc6f4e684e2491224cb5a5c28fdc20378727b765,429558,gdm,1161,1137,2023-08-01 15:51:32,/usr/bin/gnome-shell,"/usr/bin/gnome-shell ",S,3829464,204624,19.51,45,,/var/lib/gdm3,"USER=gdm;LANGUAGE=en_IL:en;XDG_SEAT=seat0;XDG_SESSION_TYPE=wayland;HOME=/var/lib/gdm3;DCONF_PROFILE=gdm;GDM_VERSION=3.28.3;GNOME_SHELL_SESSION_MODE=gdm;DBUS_SESSION_BUS_ADDRESS=unix:path=/run/user/121/bus;LOGNAME=gdm;XDG_SESSION_CLASS=greeter;USERNAME=gdm;XDG_SESSION_ID=c1;GVFS_REMOTE_VOLUME_MONITOR_IGNORE=1;PATH=/usr/local/sbin:/usr/local/bin:/usr/sbin:/usr/bin:/sbin:/bin:/snap/bin;XDG_RUNTIME_DIR=/run/user/121;LANG=en_IL;XDG_CURRENT_DESKTOP=GNOME-Greeter:GNOME;GVFS_DISABLE_FUSE=1;SHELL=/bin/false;XDG_VTNR=1;RUNNING_UNDER_GDM=true;PWD=/var/lib/gdm3;GDM_SEAT_ID=seat0;XDG_DATA_DIRS=/usr/share/gdm/greeter:/usr/local/share/:/usr/share/;GIO_USE_VFS=local;QT_IM_MODULE=ibus;XMODIFIERS=@im=ibus;GNOME_DESKTOP_SESSION_ID=this-is-deprecated;XDG_MENU_PREFIX=gnome-;SESSION_MANAGER=local/ubuntu174-ad2-vm:@/tmp/.ICE-unix/1137,unix/ubuntu174-ad2-vm:/tmp/.ICE-unix/1137;DESKTOP_AUTOSTART_ID=10529f3a57a017902a169089429239657700000011370000;GIO_LAUNCHED_DESKTOP_FILE=/usr/share/applications/org.gnome.Shell.desktop;GIO_LAUNCHED_DESKTOP_FILE_PID=1161 "
5f8ee816863448aabbd030b3d196cf522cc85fd073bb503874788667b5559cc0,429558,root,1188,1,2023-08-01 15:51:32,/usr/lib/upower/upowerd,"/usr/lib/upower/upowerd ",S,306880,8356,0.80,9,,/,"LANG=en_IL;LANGUAGE=en_IL:en;PATH=/usr/local/sbin:/usr/local/bin:/usr/sbin:/usr/bin:/sbin:/bin:/snap/bin;INVOCATION_ID=62e3c938dd854dd9b7779d10ba85ecb5;JOURNAL_STREAM=9:26102 "
ee017bef2575b728d83740908dc909b025f44297970ce05279ead4e857b6a341,429558,gdm,1254,1161,2023-08-01 15:51:33,/usr/bin/Xwayland,"/usr/bin/Xwayland :1024 -rootless -terminate -accessx -core -listen 4 -listen 5 -displayfd 6 ",S,514492,39264,3.74,17,,/var/lib/gdm3,"USER=gdm;LANGUAGE=en_IL:en;XDG_SEAT=seat0;XDG_SESSION_TYPE=wayland;HOME=/var/lib/gdm3;DCONF_PROFILE=gdm;GDM_VERSION=3.28.3;GNOME_SHELL_SESSION_MODE=gdm;DBUS_SESSION_BUS_ADDRESS=unix:path=/run/user/121/bus;LOGNAME=gdm;XDG_SESSION_CLASS=greeter;USERNAME=gdm;XDG_SESSION_ID=c1;GVFS_REMOTE_VOLUME_MONITOR_IGNORE=1;PATH=/usr/local/sbin:/usr/local/bin:/usr/sbin:/usr/bin:/sbin:/bin:/snap/bin;XDG_RUNTIME_DIR=/run/user/121;LANG=en_IL;XDG_CURRENT_DESKTOP=GNOME-Greeter:GNOME;GVFS_DISABLE_FUSE=1;SHELL=/bin/false;XDG_VTNR=1;RUNNING_UNDER_GDM=true;PWD=/var/lib/gdm3;GDM_SEAT_ID=seat0;XDG_DATA_DIRS=/usr/share/gdm/greeter:/usr/local/share/:/usr/share/;GIO_USE_VFS=local;QT_IM_MODULE=ibus;XMODIFIERS=@im=ibus;GNOME_DESKTOP_SESSION_ID=this-is-deprecated;XDG_MENU_PREFIX=gnome-;SESSION_MANAGER=local/ubuntu174-ad2-vm:@/tmp/.ICE-unix/1137,unix/ubuntu174-ad2-vm:/tmp/.ICE-unix/1137;DESKTOP_AUTOSTART_ID=10529f3a57a017902a169089429239657700000011370000;GIO_LAUNCHED_DESKTOP_FILE=/usr/share/applications/org.gnome.Shell.desktop;GIO_LAUNCHED_DESKTOP_FILE_PID=1161;NO_AT_BRIDGE=1;WAYLAND_SOCKET=3 "
cbe8bc0ad9b5263df7f7cba31bd198215b363ccb66f2722f4317afd68b7d28ab,429558,gdm,1282,1089,2023-08-01 15:51:33,/usr/lib/at-spi2-core/at-spi-bus-launcher,"/usr/lib/at-spi2-core/at-spi-bus-launcher ",S,349404,6404,0.61,10,,/var/lib/gdm3,"DBUS_SESSION_BUS_ADDRESS=unix:path=/run/user/121/bus;DCONF_PROFILE=gdm;DISPLAY=:1024;GDM_SEAT_ID=seat0;GDM_VERSION=3.28.3;GIO_USE_VFS=local;GNOME_DESKTOP_SESSION_ID=this-is-deprecated;GNOME_SHELL_SESSION_MODE=gdm;GVFS_DISABLE_FUSE=1;GVFS_REMOTE_VOLUME_MONITOR_IGNORE=1;HOME=/var/lib/gdm3;LANG=en_IL;LANGUAGE=en_IL:en;LOGNAME=gdm;PATH=/usr/local/sbin:/usr/local/bin:/usr/sbin:/usr/bin:/sbin:/bin:/snap/bin;PWD=/var/lib/gdm3;QT_IM_MODULE=ibus;RUNNING_UNDER_GDM=true;SESSION_MANAGER=local/ubuntu174-ad2-vm:@/tmp/.ICE-unix/1137,unix/ubuntu174-ad2-vm:/tmp/.ICE-unix/1137;SHELL=/bin/false;USER=gdm;USERNAME=gdm;WAYLAND_DISPLAY=wayland-0;XDG_CURRENT_DESKTOP=GNOME-Greeter:GNOME;XDG_DATA_DIRS=/usr/share/gdm/greeter:/usr/local/share/:/usr/share/;XDG_MENU_PREFIX=gnome-;XDG_RUNTIME_DIR=/run/user/121;XDG_SEAT=seat0;XDG_SESSION_CLASS=greeter;XDG_SESSION_ID=c1;XDG_SESSION_TYPE=wayland;XDG_VTNR=1;XMODIFIERS=@im=ibus;MANAGERPID=1089;INVOCATION_ID=9c891a042bc145a9b2cda7ad083377f1;JOURNAL_STREAM=9:25108 "
fbab84a49fab06ebb3b5745200afbf287330dc5a27e1f9edfc23e91f7a15c91a,429558,gdm,1287,1282,2023-08-01 15:51:33,/usr/bin/dbus-daemon,"/usr/bin/dbus-daemon --config-file=/usr/share/defaults/at-spi2/accessibility.conf --nofork --print-address 3 ",S,49932,3884,0.37,18,,/var/lib/gdm3,"DBUS_SESSION_BUS_ADDRESS=unix:path=/run/user/121/bus;DCONF_PROFILE=gdm;DISPLAY=:1024;GDM_SEAT_ID=seat0;GDM_VERSION=3.28.3;GIO_USE_VFS=local;GNOME_DESKTOP_SESSION_ID=this-is-deprecated;GNOME_SHELL_SESSION_MODE=gdm;GVFS_DISABLE_FUSE=1;GVFS_REMOTE_VOLUME_MONITOR_IGNORE=1;HOME=/var/lib/gdm3;LANG=en_IL;LANGUAGE=en_IL:en;LOGNAME=gdm;PATH=/usr/local/sbin:/usr/local/bin:/usr/sbin:/usr/bin:/sbin:/bin:/snap/bin;PWD=/var/lib/gdm3;QT_IM_MODULE=ibus;RUNNING_UNDER_GDM=true;SESSION_MANAGER=local/ubuntu174-ad2-vm:@/tmp/.ICE-unix/1137,unix/ubuntu174-ad2-vm:/tmp/.ICE-unix/1137;SHELL=/bin/false;USER=gdm;USERNAME=gdm;WAYLAND_DISPLAY=wayland-0;XDG_CURRENT_DESKTOP=GNOME-Greeter:GNOME;XDG_DATA_DIRS=/usr/share/gdm/greeter:/usr/local/share/:/usr/share/;XDG_MENU_PREFIX=gnome-;XDG_RUNTIME_DIR=/run/user/121;XDG_SEAT=seat0;XDG_SESSION_CLASS=greeter;XDG_SESSION_ID=c1;XDG_SESSION_TYPE=wayland;XDG_VTNR=1;XMODIFIERS=@im=ibus;MANAGERPID=1089;INVOCATION_ID=9c891a042bc145a9b2cda7ad083377f1;JOURNAL_STREAM=9:25108 "
7f3b322feb3d56475eccf5473b5d983ea762f37c6e7824462bcfdd15f5765a2a,429558,gdm,1307,1089,2023-08-01 15:51:33,/usr/lib/at-spi2-core/at-spi2-registryd,"/usr/lib/at-spi2-core/at-spi2-registryd --use-gnome-session ",S,220768,5656,0.54,9,,/var/lib/gdm3,"SHELL=/bin/false;DBUS_STARTER_ADDRESS=unix:abstract=/tmp/dbus-cSA8X7jf9e,guid=c497b42151d18b8da1b8705064c8ffd5;XDG_RUNTIME_DIR=/run/user/121;XDG_CURRENT_DESKTOP=GNOME-Greeter:GNOME;DCONF_PROFILE=gdm;DISPLAY=:1024;XMODIFIERS=@im=ibus;SESSION_MANAGER=local/ubuntu174-ad2-vm:@/tmp/.ICE-unix/1137,unix/ubuntu174-ad2-vm:/tmp/.ICE-unix/1137;PATH=/usr/local/sbin:/usr/local/bin:/usr/sbin:/usr/bin:/sbin:/bin:/snap/bin;XDG_VTNR=1;USERNAME=gdm;GDM_SEAT_ID=seat0;GNOME_DESKTOP_SESSION_ID=this-is-deprecated;GVFS_REMOTE_VOLUME_MONITOR_IGNORE=1;XDG_SESSION_TYPE=wayland;XDG_DATA_DIRS=/usr/share/gdm/greeter:/usr/local/share/:/usr/share/;JOURNAL_STREAM=9:25108;XDG_SESSION_ID=c1;LANGUAGE=en_IL:en;XDG_SEAT=seat0;RUNNING_UNDER_GDM=true;DBUS_SESSION_BUS_ADDRESS=unix:path=/run/user/121/bus;GDM_VERSION=3.28.3;GIO_USE_VFS=local;INVOCATION_ID=9c891a042bc145a9b2cda7ad083377f1;GNOME_SHELL_SESSION_MODE=gdm;XDG_SESSION_CLASS=greeter;USER=gdm;QT_IM_MODULE=ibus;GVFS_DISABLE_FUSE=1;DBUS_STARTER_BUS_TYPE=accessibility;WAYLAND_DISPLAY=wayland-0;PWD=/var/lib/gdm3;MANAGERPID=1089;XDG_MENU_PREFIX=gnome-;LANG=en_IL;LOGNAME=gdm;HOME=/var/lib/gdm3 "
e9e220e48e70593af44c0a6f5d47f369df7fd5fdd1be74051c492052018cf41d,429559,gdm,1315,1089,2023-08-01 15:51:33,/usr/bin/pulseaudio,"/usr/bin/pulseaudio --daemonize=no ",S,1236692,12932,1.23,34,,/,"DBUS_SESSION_BUS_ADDRESS=unix:path=/run/user/121/bus;DCONF_PROFILE=gdm;DISPLAY=:1024;GDM_SEAT_ID=seat0;GDM_VERSION=3.28.3;GIO_USE_VFS=local;GNOME_DESKTOP_SESSION_ID=this-is-deprecated;GNOME_SHELL_SESSION_MODE=gdm;GVFS_DISABLE_FUSE=1;GVFS_REMOTE_VOLUME_MONITOR_IGNORE=1;HOME=/var/lib/gdm3;LANG=en_IL;LANGUAGE=en_IL:en;LOGNAME=gdm;PATH=/usr/local/sbin:/usr/local/bin:/usr/sbin:/usr/bin:/sbin:/bin:/snap/bin;PWD=/var/lib/gdm3;QT_IM_MODULE=ibus;RUNNING_UNDER_GDM=true;SESSION_MANAGER=local/ubuntu174-ad2-vm:@/tmp/.ICE-unix/1137,unix/ubuntu174-ad2-vm:/tmp/.ICE-unix/1137;SHELL=/bin/false;USER=gdm;USERNAME=gdm;WAYLAND_DISPLAY=wayland-0;XDG_CURRENT_DESKTOP=GNOME-Greeter:GNOME;XDG_DATA_DIRS=/usr/share/gdm/greeter:/usr/local/share/:/usr/share/;XDG_MENU_PREFIX=gnome-;XDG_RUNTIME_DIR=/run/user/121;XDG_SEAT=seat0;XDG_SESSION_CLASS=greeter;XDG_SESSION_ID=c1;XDG_SESSION_TYPE=wayland;XDG_VTNR=1;XMODIFIERS=@im=ibus;NOTIFY_SOCKET=/run/user/121/systemd/notify;MANAGERPID=1089;LISTEN_PID=1315;LISTEN_FDS=1;LISTEN_FDNAMES=pulseaudio.socket;INVOCATION_ID=77a142f4cc32436f8fb409251ca45be1;JOURNAL_STREAM=9:23876;LD_BIND_NOW=1 "
848fba0187496550d5e70cbaddc020e1926c7e057a95ef9bbdc747a58d9612e5,429559,rtkit,1330,1,2023-08-01 15:51:33,/usr/lib/rtkit/rtkit-daemon,"/usr/lib/rtkit/rtkit-daemon ",S,183516,3068,0.29,7,,/proc,"LANG=en_IL;LANGUAGE=en_IL:en;PATH=/usr/local/sbin:/usr/local/bin:/usr/sbin:/usr/bin:/sbin:/bin:/snap/bin;NOTIFY_SOCKET=/run/systemd/notify;INVOCATION_ID=1f335712894c4012a73ca89bcdf84c37;JOURNAL_STREAM=9:26312 "
5b3f27af6e71888209775e184a014a530b017d4e6ca4af4e4cfeff8a97ee36ac,429558,whoopsie,1545,1,2023-08-01 15:51:34,/usr/bin/whoopsie,"/usr/bin/whoopsie -f ",S,462216,12724,1.21,11,,/,"LANG=en_IL;LANGUAGE=en_IL:en;PATH=/usr/local/sbin:/usr/local/bin:/usr/sbin:/usr/bin:/sbin:/bin:/snap/bin;INVOCATION_ID=d074e4dc5c484684bd6024a7cb2a10d0;JOURNAL_STREAM=9:25300;CRASH_DB_URL=https://daisy.ubuntu.com "
065101c9e3a8047b214aed6db60e3e5ca49fd79b17be5c28ab040e1d2f884cef,429558,kernoops,1567,1,2023-08-01 15:51:34,/usr/sbin/kerneloops,"/usr/sbin/kerneloops --test ",S,56944,424,0.04,5,,/,"LANG=en_IL;LANGUAGE=en_IL:en;PATH=/usr/local/sbin:/usr/local/bin:/usr/sbin:/usr/bin:/sbin:/bin:/snap/bin;LOGNAME=kernoops;USER=kernoops;INVOCATION_ID=3ee5267d80b84367a8954a8b0f78f06c;JOURNAL_STREAM=9:25426;ENABLED=1 "
065101c9e3a8047b214aed6db60e3e5ca49fd79b17be5c28ab040e1d2f884cef,429559,kernoops,1573,1,2023-08-01 15:51:34,/usr/sbin/kerneloops,"/usr/sbin/kerneloops ",S,56944,416,0.04,5,,/,"LANG=en_IL;LANGUAGE=en_IL:en;PATH=/usr/local/sbin:/usr/local/bin:/usr/sbin:/usr/bin:/sbin:/bin:/snap/bin;LOGNAME=kernoops;USER=kernoops;INVOCATION_ID=3ee5267d80b84367a8954a8b0f78f06c;JOURNAL_STREAM=9:24108;ENABLED=1 "
8cb52c179948b91806974e69b6333592c5057bb2ff12a18c3367d3eef1e11188,429559,root,1678,892,2023-08-01 15:51:34,/sbin/dhclient,"/sbin/dhclient -d -q -6 -N -sf /usr/lib/NetworkManager/nm-dhcp-helper -pf /run/dhclient6-ens160.pid -lf /var/lib/NetworkManager/dhclient6-6c8fad43-a2cb-30c5-97c4-d93d82baaa86-ens160.lease -cf /var/lib/NetworkManager/dhclient6-ens160.conf ens160 ",S,25996,6220,0.59,6,,/,"LANG=en_IL;LANGUAGE=en_IL:en;PATH=/usr/local/sbin:/usr/local/bin:/usr/sbin:/usr/bin:/sbin:/bin:/snap/bin;INVOCATION_ID=f35f72954c4d4e2794334081e66e170d;JOURNAL_STREAM=9:19176;GIO_USE_VFS=local "
d799654bf1ac2471c50408078047c243e235e659802a44ff82c4f65f3e4eb4de,429559,gdm,1802,1161,2023-08-01 15:51:34,/usr/bin/ibus-daemon,"ibus-daemon --xim --panel disable ",S,354260,7780,0.74,14,,/var/lib/gdm3,"USER=gdm;LANGUAGE=en_IL:en;XDG_SEAT=seat0;XDG_SESSION_TYPE=wayland;HOME=/var/lib/gdm3;DCONF_PROFILE=gdm;GDM_VERSION=3.28.3;GNOME_SHELL_SESSION_MODE=gdm;DBUS_SESSION_BUS_ADDRESS=unix:path=/run/user/121/bus;LOGNAME=gdm;XDG_SESSION_CLASS=greeter;USERNAME=gdm;XDG_SESSION_ID=c1;GVFS_REMOTE_VOLUME_MONITOR_IGNORE=1;PATH=/usr/local/sbin:/usr/local/bin:/usr/sbin:/usr/bin:/sbin:/bin:/snap/bin;XDG_RUNTIME_DIR=/run/user/121;LANG=en_IL;XDG_CURRENT_DESKTOP=GNOME-Greeter:GNOME;GVFS_DISABLE_FUSE=1;SHELL=/bin/false;XDG_VTNR=1;RUNNING_UNDER_GDM=true;PWD=/var/lib/gdm3;GDM_SEAT_ID=seat0;XDG_DATA_DIRS=/usr/share/gdm/greeter:/usr/local/share/:/usr/share/;GIO_USE_VFS=local;QT_IM_MODULE=ibus;XMODIFIERS=@im=ibus;GNOME_DESKTOP_SESSION_ID=this-is-deprecated;XDG_MENU_PREFIX=gnome-;SESSION_MANAGER=local/ubuntu174-ad2-vm:@/tmp/.ICE-unix/1137,unix/ubuntu174-ad2-vm:/tmp/.ICE-unix/1137;DESKTOP_AUTOSTART_ID=10529f3a57a017902a169089429239657700000011370000;GIO_LAUNCHED_DESKTOP_FILE=/usr/share/applications/org.gnome.Shell.desktop;GIO_LAUNCHED_DESKTOP_FILE_PID=1161;DISPLAY=:1024;WAYLAND_DISPLAY=wayland-0;GJS_DEBUG_OUTPUT=stderr;GJS_DEBUG_TOPICS=JS ERROR;JS LOG "
cb45e4650ba8fdba2029d9fc4a44943f5409a52e28838e3dedcc120db55989c5,429559,gdm,1889,1802,2023-08-01 15:51:35,/usr/lib/ibus/ibus-dconf,"/usr/lib/ibus/ibus-dconf ",S,273504,5864,0.56,10,,/var/lib/gdm3,"USER=gdm;LANGUAGE=en_IL:en;XDG_SEAT=seat0;XDG_SESSION_TYPE=wayland;HOME=/var/lib/gdm3;DCONF_PROFILE=gdm;GDM_VERSION=3.28.3;GNOME_SHELL_SESSION_MODE=gdm;DBUS_SESSION_BUS_ADDRESS=unix:path=/run/user/121/bus;LOGNAME=gdm;XDG_SESSION_CLASS=greeter;USERNAME=gdm;XDG_SESSION_ID=c1;GVFS_REMOTE_VOLUME_MONITOR_IGNORE=1;PATH=/usr/local/sbin:/usr/local/bin:/usr/sbin:/usr/bin:/sbin:/bin:/snap/bin;XDG_RUNTIME_DIR=/run/user/121;LANG=en_IL;XDG_CURRENT_DESKTOP=GNOME-Greeter:GNOME;GVFS_DISABLE_FUSE=1;SHELL=/bin/false;XDG_VTNR=1;RUNNING_UNDER_GDM=true;PWD=/var/lib/gdm3;GDM_SEAT_ID=seat0;XDG_DATA_DIRS=/usr/share/gdm/greeter:/usr/local/share/:/usr/share/;GIO_USE_VFS=local;QT_IM_MODULE=ibus;XMODIFIERS=@im=ibus;GNOME_DESKTOP_SESSION_ID=this-is-deprecated;XDG_MENU_PREFIX=gnome-;SESSION_MANAGER=local/ubuntu174-ad2-vm:@/tmp/.ICE-unix/1137,unix/ubuntu174-ad2-vm:/tmp/.ICE-unix/1137;DESKTOP_AUTOSTART_ID=10529f3a57a017902a169089429239657700000011370000;GIO_LAUNCHED_DESKTOP_FILE=/usr/share/applications/org.gnome.Shell.desktop;GIO_LAUNCHED_DESKTOP_FILE_PID=1161;DISPLAY=:1024;WAYLAND_DISPLAY=wayland-0;GJS_DEBUG_OUTPUT=stderr;GJS_DEBUG_TOPICS=JS ERROR;JS LOG "
ce8df107acb0a79ca454494b8719dc4e3fa1cdad2e1361c3a0115f2d885ed177,429559,gdm,1894,1,2023-08-01 15:51:35,/usr/lib/ibus/ibus-x11,"/usr/lib/ibus/ibus-x11 --kill-daemon ",S,776312,50000,4.77,11,,/var/lib/gdm3,"USER=gdm;LANGUAGE=en_IL:en;XDG_SEAT=seat0;XDG_SESSION_TYPE=wayland;HOME=/var/lib/gdm3;DCONF_PROFILE=gdm;GDM_VERSION=3.28.3;GNOME_SHELL_SESSION_MODE=gdm;DBUS_SESSION_BUS_ADDRESS=unix:path=/run/user/121/bus;LOGNAME=gdm;XDG_SESSION_CLASS=greeter;USERNAME=gdm;XDG_SESSION_ID=c1;GVFS_REMOTE_VOLUME_MONITOR_IGNORE=1;PATH=/usr/local/sbin:/usr/local/bin:/usr/sbin:/usr/bin:/sbin:/bin:/snap/bin;XDG_RUNTIME_DIR=/run/user/121;LANG=en_IL;XDG_CURRENT_DESKTOP=GNOME-Greeter:GNOME;GVFS_DISABLE_FUSE=1;SHELL=/bin/false;XDG_VTNR=1;RUNNING_UNDER_GDM=true;PWD=/var/lib/gdm3;GDM_SEAT_ID=seat0;XDG_DATA_DIRS=/usr/share/gdm/greeter:/usr/local/share/:/usr/share/;GIO_USE_VFS=local;QT_IM_MODULE=ibus;XMODIFIERS=@im=ibus;GNOME_DESKTOP_SESSION_ID=this-is-deprecated;XDG_MENU_PREFIX=gnome-;SESSION_MANAGER=local/ubuntu174-ad2-vm:@/tmp/.ICE-unix/1137,unix/ubuntu174-ad2-vm:/tmp/.ICE-unix/1137;DESKTOP_AUTOSTART_ID=10529f3a57a017902a169089429239657700000011370000;GIO_LAUNCHED_DESKTOP_FILE=/usr/share/applications/org.gnome.Shell.desktop;GIO_LAUNCHED_DESKTOP_FILE_PID=1161;DISPLAY=:1024;WAYLAND_DISPLAY=wayland-0;GJS_DEBUG_OUTPUT=stderr;GJS_DEBUG_TOPICS=JS ERROR;JS LOG "
16c7c7f4513068b3d156abf9ab79f3e28f930fbea7edaa4334cec3bd4f3c14f7,429559,gdm,1898,1089,2023-08-01 15:51:35,/usr/lib/ibus/ibus-portal,"/usr/lib/ibus/ibus-portal ",S,271452,5888,0.56,9,,/var/lib/gdm3,"SHELL=/bin/false;DBUS_STARTER_ADDRESS=unix:path=/run/user/121/bus,guid=b3fce6737350868d11c58b2164c8ffd4;DISPLAY=:1024;XDG_CURRENT_DESKTOP=GNOME-Greeter:GNOME;DCONF_PROFILE=gdm;XDG_RUNTIME_DIR=/run/user/121;SESSION_MANAGER=local/ubuntu174-ad2-vm:@/tmp/.ICE-unix/1137,unix/ubuntu174-ad2-vm:/tmp/.ICE-unix/1137;XMODIFIERS=@im=ibus;PATH=/usr/local/sbin:/usr/local/bin:/usr/sbin:/usr/bin:/sbin:/bin:/snap/bin;GNOME_DESKTOP_SESSION_ID=this-is-deprecated;GDM_SEAT_ID=seat0;XDG_VTNR=1;GVFS_REMOTE_VOLUME_MONITOR_IGNORE=1;USERNAME=gdm;XDG_SESSION_TYPE=wayland;XDG_DATA_DIRS=/usr/share/gdm/greeter:/usr/local/share/:/usr/share/;XDG_SESSION_ID=c1;JOURNAL_STREAM=9:25949;LANGUAGE=en_IL:en;GIO_USE_VFS=local;RUNNING_UNDER_GDM=true;GDM_VERSION=3.28.3;XDG_SEAT=seat0;DBUS_SESSION_BUS_ADDRESS=unix:path=/run/user/121/bus,guid=b3fce6737350868d11c58b2164c8ffd4;GNOME_SHELL_SESSION_MODE=gdm;INVOCATION_ID=851d8abf06a8444087891b4917061f61;QT_IM_MODULE=ibus;GVFS_DISABLE_FUSE=1;XDG_SESSION_CLASS=greeter;USER=gdm;DBUS_STARTER_BUS_TYPE=session;WAYLAND_DISPLAY=wayland-0;PWD=/var/lib/gdm3;XDG_MENU_PREFIX=gnome-;LANG=en_IL;MANAGERPID=1089;HOME=/var/lib/gdm3;LOGNAME=gdm "
61dc856cd3daaa3215899cd26fb62f68f2fd1cf79a56ac93d9c6c407bed9420a,429559,root,1992,1,2023-08-01 15:51:35,/usr/lib/x86_64-linux-gnu/boltd,"/usr/lib/x86_64-linux-gnu/boltd ",S,289676,7200,0.69,9,,/,"LANG=en_IL;LANGUAGE=en_IL:en;PATH=/usr/local/sbin:/usr/local/bin:/usr/sbin:/usr/bin:/sbin:/bin:/snap/bin;INVOCATION_ID=5f123747f5b54433937dc69cd770261b;JOURNAL_STREAM=9:27366 "
678ae4dae52d98aab91fe83e7f53445adbaafa28aed5987796d6258195efb006,429560,root,2003,1,2023-08-01 15:51:35,/usr/lib/packagekit/packagekitd,"/usr/lib/packagekit/packagekitd ",S,515368,99684,9.51,11,,/,"LANG=en_IL;LANGUAGE=en_IL:en;PATH=/usr/local/sbin:/usr/local/bin:/usr/sbin:/usr/bin:/sbin:/bin:/snap/bin;HOME=/root;LOGNAME=root;USER=root;SHELL=/bin/sh;INVOCATION_ID=e0192e384f2c4cb7b6305ff824dc850b;JOURNAL_STREAM=9:27505 "
648012eeea3f38001f1a9b2446ee78be2a526e089cdbdecbf091c9d3363ad326,429560,gdm,2004,1137,2023-08-01 15:51:35,/usr/lib/gnome-settings-daemon/gsd-xsettings,"/usr/lib/gnome-settings-daemon/gsd-xsettings ",S,487464,22048,2.10,12,,/var/lib/gdm3,"USER=gdm;LANGUAGE=en_IL:en;XDG_SEAT=seat0;XDG_SESSION_TYPE=wayland;HOME=/var/lib/gdm3;DCONF_PROFILE=gdm;GDM_VERSION=3.28.3;GNOME_SHELL_SESSION_MODE=gdm;DBUS_SESSION_BUS_ADDRESS=unix:path=/run/user/121/bus;LOGNAME=gdm;XDG_SESSION_CLASS=greeter;USERNAME=gdm;XDG_SESSION_ID=c1;GVFS_REMOTE_VOLUME_MONITOR_IGNORE=1;PATH=/usr/local/sbin:/usr/local/bin:/usr/sbin:/usr/bin:/sbin:/bin:/snap/bin;XDG_RUNTIME_DIR=/run/user/121;LANG=en_IL;XDG_CURRENT_DESKTOP=GNOME-Greeter:GNOME;GVFS_DISABLE_FUSE=1;SHELL=/bin/false;XDG_VTNR=1;RUNNING_UNDER_GDM=true;PWD=/var/lib/gdm3;GDM_SEAT_ID=seat0;XDG_DATA_DIRS=/usr/share/gdm/greeter:/usr/local/share/:/usr/share/;GIO_USE_VFS=local;QT_IM_MODULE=ibus;XMODIFIERS=@im=ibus;GNOME_DESKTOP_SESSION_ID=this-is-deprecated;XDG_MENU_PREFIX=gnome-;SESSION_MANAGER=local/ubuntu174-ad2-vm:@/tmp/.ICE-unix/1137,unix/ubuntu174-ad2-vm:/tmp/.ICE-unix/1137;DISPLAY=:1024;WAYLAND_DISPLAY=wayland-0;DESKTOP_AUTOSTART_ID=10529f3a57a017902a169089429240160500000011370017;GIO_LAUNCHED_DESKTOP_FILE=/etc/xdg/autostart/org.gnome.SettingsDaemon.XSettings.desktop;GIO_LAUNCHED_DESKTOP_FILE_PID=2004 "
1c61f1c5464354e537e2f63e364705cdbdfd188453c05871fae22f63e22c2a8f,429560,gdm,2007,1137,2023-08-01 15:51:35,/usr/lib/gnome-settings-daemon/gsd-a11y-settings,"/usr/lib/gnome-settings-daemon/gsd-a11y-settings ",S,271044,5856,0.56,8,,/var/lib/gdm3,"USER=gdm;LANGUAGE=en_IL:en;XDG_SEAT=seat0;XDG_SESSION_TYPE=wayland;HOME=/var/lib/gdm3;DCONF_PROFILE=gdm;GDM_VERSION=3.28.3;GNOME_SHELL_SESSION_MODE=gdm;DBUS_SESSION_BUS_ADDRESS=unix:path=/run/user/121/bus;LOGNAME=gdm;XDG_SESSION_CLASS=greeter;USERNAME=gdm;XDG_SESSION_ID=c1;GVFS_REMOTE_VOLUME_MONITOR_IGNORE=1;PATH=/usr/local/sbin:/usr/local/bin:/usr/sbin:/usr/bin:/sbin:/bin:/snap/bin;XDG_RUNTIME_DIR=/run/user/121;LANG=en_IL;XDG_CURRENT_DESKTOP=GNOME-Greeter:GNOME;GVFS_DISABLE_FUSE=1;SHELL=/bin/false;XDG_VTNR=1;RUNNING_UNDER_GDM=true;PWD=/var/lib/gdm3;GDM_SEAT_ID=seat0;XDG_DATA_DIRS=/usr/share/gdm/greeter:/usr/local/share/:/usr/share/;GIO_USE_VFS=local;QT_IM_MODULE=ibus;XMODIFIERS=@im=ibus;GNOME_DESKTOP_SESSION_ID=this-is-deprecated;XDG_MENU_PREFIX=gnome-;SESSION_MANAGER=local/ubuntu174-ad2-vm:@/tmp/.ICE-unix/1137,unix/ubuntu174-ad2-vm:/tmp/.ICE-unix/1137;DISPLAY=:1024;WAYLAND_DISPLAY=wayland-0;DESKTOP_AUTOSTART_ID=10529f3a57a017902a169089429239712500000011370001;GIO_LAUNCHED_DESKTOP_FILE=/etc/xdg/autostart/org.gnome.SettingsDaemon.A11ySettings.desktop;GIO_LAUNCHED_DESKTOP_FILE_PID=2007 "
77871cef9a56e0e865d3f42018490b74a2584f2fdffabd027149bef5d293edb2,429560,gdm,2014,1137,2023-08-01 15:51:35,/usr/lib/gnome-settings-daemon/gsd-clipboard,"/usr/lib/gnome-settings-daemon/gsd-clipboard ",S,336572,20388,1.94,10,,/var/lib/gdm3,"USER=gdm;LANGUAGE=en_IL:en;XDG_SEAT=seat0;XDG_SESSION_TYPE=wayland;HOME=/var/lib/gdm3;DCONF_PROFILE=gdm;GDM_VERSION=3.28.3;GNOME_SHELL_SESSION_MODE=gdm;DBUS_SESSION_BUS_ADDRESS=unix:path=/run/user/121/bus;LOGNAME=gdm;XDG_SESSION_CLASS=greeter;USERNAME=gdm;XDG_SESSION_ID=c1;GVFS_REMOTE_VOLUME_MONITOR_IGNORE=1;PATH=/usr/local/sbin:/usr/local/bin:/usr/sbin:/usr/bin:/sbin:/bin:/snap/bin;XDG_RUNTIME_DIR=/run/user/121;LANG=en_IL;XDG_CURRENT_DESKTOP=GNOME-Greeter:GNOME;GVFS_DISABLE_FUSE=1;SHELL=/bin/false;XDG_VTNR=1;RUNNING_UNDER_GDM=true;PWD=/var/lib/gdm3;GDM_SEAT_ID=seat0;XDG_DATA_DIRS=/usr/share/gdm/greeter:/usr/local/share/:/usr/share/;GIO_USE_VFS=local;QT_IM_MODULE=ibus;XMODIFIERS=@im=ibus;GNOME_DESKTOP_SESSION_ID=this-is-deprecated;XDG_MENU_PREFIX=gnome-;SESSION_MANAGER=local/ubuntu174-ad2-vm:@/tmp/.ICE-unix/1137,unix/ubuntu174-ad2-vm:/tmp/.ICE-unix/1137;DISPLAY=:1024;WAYLAND_DISPLAY=wayland-0;DESKTOP_AUTOSTART_ID=10529f3a57a017902a169089429239735700000011370002;GIO_LAUNCHED_DESKTOP_FILE=/etc/xdg/autostart/org.gnome.SettingsDaemon.Clipboard.desktop;GIO_LAUNCHED_DESKTOP_FILE_PID=2014 "
655770d32f3691f3eb4af25a1075267130c12126e20420217de49e6929480b09,429561,gdm,2016,1137,2023-08-01 15:51:35,/usr/lib/gnome-settings-daemon/gsd-color,"/usr/lib/gnome-settings-daemon/gsd-color ",S,651572,22204,2.12,14,,/var/lib/gdm3,"USER=gdm;LANGUAGE=en_IL:en;XDG_SEAT=seat0;XDG_SESSION_TYPE=wayland;HOME=/var/lib/gdm3;DCONF_PROFILE=gdm;GDM_VERSION=3.28.3;GNOME_SHELL_SESSION_MODE=gdm;DBUS_SESSION_BUS_ADDRESS=unix:path=/run/user/121/bus;LOGNAME=gdm;XDG_SESSION_CLASS=greeter;USERNAME=gdm;XDG_SESSION_ID=c1;GVFS_REMOTE_VOLUME_MONITOR_IGNORE=1;PATH=/usr/local/sbin:/usr/local/bin:/usr/sbin:/usr/bin:/sbin:/bin:/snap/bin;XDG_RUNTIME_DIR=/run/user/121;LANG=en_IL;XDG_CURRENT_DESKTOP=GNOME-Greeter:GNOME;GVFS_DISABLE_FUSE=1;SHELL=/bin/false;XDG_VTNR=1;RUNNING_UNDER_GDM=true;PWD=/var/lib/gdm3;GDM_SEAT_ID=seat0;XDG_DATA_DIRS=/usr/share/gdm/greeter:/usr/local/share/:/usr/share/;GIO_USE_VFS=local;QT_IM_MODULE=ibus;XMODIFIERS=@im=ibus;GNOME_DESKTOP_SESSION_ID=this-is-deprecated;XDG_MENU_PREFIX=gnome-;SESSION_MANAGER=local/ubuntu174-ad2-vm:@/tmp/.ICE-unix/1137,unix/ubuntu174-ad2-vm:/tmp/.ICE-unix/1137;DISPLAY=:1024;WAYLAND_DISPLAY=wayland-0;DESKTOP_AUTOSTART_ID=10529f3a57a017902a169089429239802800000011370003;GIO_LAUNCHED_DESKTOP_FILE=/etc/xdg/autostart/org.gnome.SettingsDaemon.Color.desktop;GIO_LAUNCHED_DESKTOP_FILE_PID=2016 "
b149290e606323c3d4e2428e91bd7effb32848c042afaf78254a8e494e093ab7,429561,gdm,2018,1137,2023-08-01 15:51:35,/usr/lib/gnome-settings-daemon/gsd-datetime,"/usr/lib/gnome-settings-daemon/gsd-datetime ",S,386608,13748,1.31,7,,/var/lib/gdm3,"USER=gdm;LANGUAGE=en_IL:en;XDG_SEAT=seat0;XDG_SESSION_TYPE=wayland;HOME=/var/lib/gdm3;DCONF_PROFILE=gdm;GDM_VERSION=3.28.3;GNOME_SHELL_SESSION_MODE=gdm;DBUS_SESSION_BUS_ADDRESS=unix:path=/run/user/121/bus;LOGNAME=gdm;XDG_SESSION_CLASS=greeter;USERNAME=gdm;XDG_SESSION_ID=c1;GVFS_REMOTE_VOLUME_MONITOR_IGNORE=1;PATH=/usr/local/sbin:/usr/local/bin:/usr/sbin:/usr/bin:/sbin:/bin:/snap/bin;XDG_RUNTIME_DIR=/run/user/121;LANG=en_IL;XDG_CURRENT_DESKTOP=GNOME-Greeter:GNOME;GVFS_DISABLE_FUSE=1;SHELL=/bin/false;XDG_VTNR=1;RUNNING_UNDER_GDM=true;PWD=/var/lib/gdm3;GDM_SEAT_ID=seat0;XDG_DATA_DIRS=/usr/share/gdm/greeter:/usr/local/share/:/usr/share/;GIO_USE_VFS=local;QT_IM_MODULE=ibus;XMODIFIERS=@im=ibus;GNOME_DESKTOP_SESSION_ID=this-is-deprecated;XDG_MENU_PREFIX=gnome-;SESSION_MANAGER=local/ubuntu174-ad2-vm:@/tmp/.ICE-unix/1137,unix/ubuntu174-ad2-vm:/tmp/.ICE-unix/1137;DISPLAY=:1024;WAYLAND_DISPLAY=wayland-0;DESKTOP_AUTOSTART_ID=10529f3a57a017902a169089429239825000000011370004;GIO_LAUNCHED_DESKTOP_FILE=/etc/xdg/autostart/org.gnome.SettingsDaemon.Datetime.desktop;GIO_LAUNCHED_DESKTOP_FILE_PID=2018 "
31bb3a41e4a512525353ee4b06d0ec9966e8fb44f3d31a9f129f1ca9171074a6,429561,gdm,2021,1137,2023-08-01 15:51:35,/usr/lib/gnome-settings-daemon/gsd-housekeeping,"/usr/lib/gnome-settings-daemon/gsd-housekeeping ",S,276632,5992,0.57,7,,/var/lib/gdm3,"USER=gdm;LANGUAGE=en_IL:en;XDG_SEAT=seat0;XDG_SESSION_TYPE=wayland;HOME=/var/lib/gdm3;DCONF_PROFILE=gdm;GDM_VERSION=3.28.3;GNOME_SHELL_SESSION_MODE=gdm;DBUS_SESSION_BUS_ADDRESS=unix:path=/run/user/121/bus;LOGNAME=gdm;XDG_SESSION_CLASS=greeter;USERNAME=gdm;XDG_SESSION_ID=c1;GVFS_REMOTE_VOLUME_MONITOR_IGNORE=1;PATH=/usr/local/sbin:/usr/local/bin:/usr/sbin:/usr/bin:/sbin:/bin:/snap/bin;XDG_RUNTIME_DIR=/run/user/121;LANG=en_IL;XDG_CURRENT_DESKTOP=GNOME-Greeter:GNOME;GVFS_DISABLE_FUSE=1;SHELL=/bin/false;XDG_VTNR=1;RUNNING_UNDER_GDM=true;PWD=/var/lib/gdm3;GDM_SEAT_ID=seat0;XDG_DATA_DIRS=/usr/share/gdm/greeter:/usr/local/share/:/usr/share/;GIO_USE_VFS=local;QT_IM_MODULE=ibus;XMODIFIERS=@im=ibus;GNOME_DESKTOP_SESSION_ID=this-is-deprecated;XDG_MENU_PREFIX=gnome-;SESSION_MANAGER=local/ubuntu174-ad2-vm:@/tmp/.ICE-unix/1137,unix/ubuntu174-ad2-vm:/tmp/.ICE-unix/1137;DISPLAY=:1024;WAYLAND_DISPLAY=wayland-0;DESKTOP_AUTOSTART_ID=10529f3a57a017902a169089429239846700000011370005;GIO_LAUNCHED_DESKTOP_FILE=/etc/xdg/autostart/org.gnome.SettingsDaemon.Housekeeping.desktop;GIO_LAUNCHED_DESKTOP_FILE_PID=2021 "
b04efb10d51601e276220bd08b9239ea0b2aafc8a2cbe5c943373cc0040be872,429561,gdm,2022,1137,2023-08-01 15:51:35,/usr/lib/gnome-settings-daemon/gsd-keyboard,"/usr/lib/gnome-settings-daemon/gsd-keyboard ",S,490940,20704,1.97,12,,/var/lib/gdm3,"USER=gdm;LANGUAGE=en_IL:en;XDG_SEAT=seat0;XDG_SESSION_TYPE=wayland;HOME=/var/lib/gdm3;DCONF_PROFILE=gdm;GDM_VERSION=3.28.3;GNOME_SHELL_SESSION_MODE=gdm;DBUS_SESSION_BUS_ADDRESS=unix:path=/run/user/121/bus;LOGNAME=gdm;XDG_SESSION_CLASS=greeter;USERNAME=gdm;XDG_SESSION_ID=c1;GVFS_REMOTE_VOLUME_MONITOR_IGNORE=1;PATH=/usr/local/sbin:/usr/local/bin:/usr/sbin:/usr/bin:/sbin:/bin:/snap/bin;XDG_RUNTIME_DIR=/run/user/121;LANG=en_IL;XDG_CURRENT_DESKTOP=GNOME-Greeter:GNOME;GVFS_DISABLE_FUSE=1;SHELL=/bin/false;XDG_VTNR=1;RUNNING_UNDER_GDM=true;PWD=/var/lib/gdm3;GDM_SEAT_ID=seat0;XDG_DATA_DIRS=/usr/share/gdm/greeter:/usr/local/share/:/usr/share/;GIO_USE_VFS=local;QT_IM_MODULE=ibus;XMODIFIERS=@im=ibus;GNOME_DESKTOP_SESSION_ID=this-is-deprecated;XDG_MENU_PREFIX=gnome-;SESSION_MANAGER=local/ubuntu174-ad2-vm:@/tmp/.ICE-unix/1137,unix/ubuntu174-ad2-vm:/tmp/.ICE-unix/1137;DISPLAY=:1024;WAYLAND_DISPLAY=wayland-0;DESKTOP_AUTOSTART_ID=10529f3a57a017902a169089429239870600000011370006;GIO_LAUNCHED_DESKTOP_FILE=/etc/xdg/autostart/org.gnome.SettingsDaemon.Keyboard.desktop;GIO_LAUNCHED_DESKTOP_FILE_PID=2022 "
ec111820833d1189bc0fc126e0a0cc9e6a79f079e1ce701c4eb84d90abcaf738,429562,gdm,2024,1137,2023-08-01 15:51:35,/usr/lib/gnome-settings-daemon/gsd-media-keys,"/usr/lib/gnome-settings-daemon/gsd-media-keys ",S,1074712,23532,2.24,18,,/var/lib/gdm3,"USER=gdm;LANGUAGE=en_IL:en;XDG_SEAT=seat0;XDG_SESSION_TYPE=wayland;HOME=/var/lib/gdm3;DCONF_PROFILE=gdm;GDM_VERSION=3.28.3;GNOME_SHELL_SESSION_MODE=gdm;DBUS_SESSION_BUS_ADDRESS=unix:path=/run/user/121/bus;LOGNAME=gdm;XDG_SESSION_CLASS=greeter;USERNAME=gdm;XDG_SESSION_ID=c1;GVFS_REMOTE_VOLUME_MONITOR_IGNORE=1;PATH=/usr/local/sbin:/usr/local/bin:/usr/sbin:/usr/bin:/sbin:/bin:/snap/bin;XDG_RUNTIME_DIR=/run/user/121;LANG=en_IL;XDG_CURRENT_DESKTOP=GNOME-Greeter:GNOME;GVFS_DISABLE_FUSE=1;SHELL=/bin/false;XDG_VTNR=1;RUNNING_UNDER_GDM=true;PWD=/var/lib/gdm3;GDM_SEAT_ID=seat0;XDG_DATA_DIRS=/usr/share/gdm/greeter:/usr/local/share/:/usr/share/;GIO_USE_VFS=local;QT_IM_MODULE=ibus;XMODIFIERS=@im=ibus;GNOME_DESKTOP_SESSION_ID=this-is-deprecated;XDG_MENU_PREFIX=gnome-;SESSION_MANAGER=local/ubuntu174-ad2-vm:@/tmp/.ICE-unix/1137,unix/ubuntu174-ad2-vm:/tmp/.ICE-unix/1137;DISPLAY=:1024;WAYLAND_DISPLAY=wayland-0;DESKTOP_AUTOSTART_ID=10529f3a57a017902a169089429239893200000011370007;GIO_LAUNCHED_DESKTOP_FILE=/etc/xdg/autostart/org.gnome.SettingsDaemon.MediaKeys.desktop;GIO_LAUNCHED_DESKTOP_FILE_PID=2024 "
b5121c2692c26b4aa4237e07a8226f0018d1519c082ba8f05c8d269888a168c9,429562,gdm,2028,1137,2023-08-01 15:51:35,/usr/lib/gnome-settings-daemon/gsd-mouse,"/usr/lib/gnome-settings-daemon/gsd-mouse ",S,194892,4516,0.43,7,,/var/lib/gdm3,"USER=gdm;LANGUAGE=en_IL:en;XDG_SEAT=seat0;XDG_SESSION_TYPE=wayland;HOME=/var/lib/gdm3;DCONF_PROFILE=gdm;GDM_VERSION=3.28.3;GNOME_SHELL_SESSION_MODE=gdm;DBUS_SESSION_BUS_ADDRESS=unix:path=/run/user/121/bus;LOGNAME=gdm;XDG_SESSION_CLASS=greeter;USERNAME=gdm;XDG_SESSION_ID=c1;GVFS_REMOTE_VOLUME_MONITOR_IGNORE=1;PATH=/usr/local/sbin:/usr/local/bin:/usr/sbin:/usr/bin:/sbin:/bin:/snap/bin;XDG_RUNTIME_DIR=/run/user/121;LANG=en_IL;XDG_CURRENT_DESKTOP=GNOME-Greeter:GNOME;GVFS_DISABLE_FUSE=1;SHELL=/bin/false;XDG_VTNR=1;RUNNING_UNDER_GDM=true;PWD=/var/lib/gdm3;GDM_SEAT_ID=seat0;XDG_DATA_DIRS=/usr/share/gdm/greeter:/usr/local/share/:/usr/share/;GIO_USE_VFS=local;QT_IM_MODULE=ibus;XMODIFIERS=@im=ibus;GNOME_DESKTOP_SESSION_ID=this-is-deprecated;XDG_MENU_PREFIX=gnome-;SESSION_MANAGER=local/ubuntu174-ad2-vm:@/tmp/.ICE-unix/1137,unix/ubuntu174-ad2-vm:/tmp/.ICE-unix/1137;DISPLAY=:1024;WAYLAND_DISPLAY=wayland-0;DESKTOP_AUTOSTART_ID=10529f3a57a017902a169089429239915500000011370008;GIO_LAUNCHED_DESKTOP_FILE=/etc/xdg/autostart/org.gnome.SettingsDaemon.Mouse.desktop;GIO_LAUNCHED_DESKTOP_FILE_PID=2028 "
31fba12b715796dbe32a0f8beb1d883fd6b29803841256b5c2132fd6caa63537,429562,gdm,2030,1137,2023-08-01 15:51:35,/usr/lib/gnome-settings-daemon/gsd-power,"/usr/lib/gnome-settings-daemon/gsd-power ",S,510084,22360,2.13,13,,/var/lib/gdm3,"USER=gdm;LANGUAGE=en_IL:en;XDG_SEAT=seat0;XDG_SESSION_TYPE=wayland;HOME=/var/lib/gdm3;DCONF_PROFILE=gdm;GDM_VERSION=3.28.3;GNOME_SHELL_SESSION_MODE=gdm;DBUS_SESSION_BUS_ADDRESS=unix:path=/run/user/121/bus;LOGNAME=gdm;XDG_SESSION_CLASS=greeter;USERNAME=gdm;XDG_SESSION_ID=c1;GVFS_REMOTE_VOLUME_MONITOR_IGNORE=1;PATH=/usr/local/sbin:/usr/local/bin:/usr/sbin:/usr/bin:/sbin:/bin:/snap/bin;XDG_RUNTIME_DIR=/run/user/121;LANG=en_IL;XDG_CURRENT_DESKTOP=GNOME-Greeter:GNOME;GVFS_DISABLE_FUSE=1;SHELL=/bin/false;XDG_VTNR=1;RUNNING_UNDER_GDM=true;PWD=/var/lib/gdm3;GDM_SEAT_ID=seat0;XDG_DATA_DIRS=/usr/share/gdm/greeter:/usr/local/share/:/usr/share/;GIO_USE_VFS=local;QT_IM_MODULE=ibus;XMODIFIERS=@im=ibus;GNOME_DESKTOP_SESSION_ID=this-is-deprecated;XDG_MENU_PREFIX=gnome-;SESSION_MANAGER=local/ubuntu174-ad2-vm:@/tmp/.ICE-unix/1137,unix/ubuntu174-ad2-vm:/tmp/.ICE-unix/1137;DISPLAY=:1024;WAYLAND_DISPLAY=wayland-0;DESKTOP_AUTOSTART_ID=10529f3a57a017902a169089429239938000000011370009;GIO_LAUNCHED_DESKTOP_FILE=/etc/xdg/autostart/org.gnome.SettingsDaemon.Power.desktop;GIO_LAUNCHED_DESKTOP_FILE_PID=2030 "
e17f5c2845725d922332bf64fb9a217a29e86df965e33cae27cf867feaa3e7d5,429562,gdm,2034,1137,2023-08-01 15:51:35,/usr/lib/gnome-settings-daemon/gsd-print-notifications,"/usr/lib/gnome-settings-daemon/gsd-print-notifications ",S,259916,8616,0.82,7,,/var/lib/gdm3,"USER=gdm;LANGUAGE=en_IL:en;XDG_SEAT=seat0;XDG_SESSION_TYPE=wayland;HOME=/var/lib/gdm3;DCONF_PROFILE=gdm;GDM_VERSION=3.28.3;GNOME_SHELL_SESSION_MODE=gdm;DBUS_SESSION_BUS_ADDRESS=unix:path=/run/user/121/bus;LOGNAME=gdm;XDG_SESSION_CLASS=greeter;USERNAME=gdm;XDG_SESSION_ID=c1;GVFS_REMOTE_VOLUME_MONITOR_IGNORE=1;PATH=/usr/local/sbin:/usr/local/bin:/usr/sbin:/usr/bin:/sbin:/bin:/snap/bin;XDG_RUNTIME_DIR=/run/user/121;LANG=en_IL;XDG_CURRENT_DESKTOP=GNOME-Greeter:GNOME;GVFS_DISABLE_FUSE=1;SHELL=/bin/false;XDG_VTNR=1;RUNNING_UNDER_GDM=true;PWD=/var/lib/gdm3;GDM_SEAT_ID=seat0;XDG_DATA_DIRS=/usr/share/gdm/greeter:/usr/local/share/:/usr/share/;GIO_USE_VFS=local;QT_IM_MODULE=ibus;XMODIFIERS=@im=ibus;GNOME_DESKTOP_SESSION_ID=this-is-deprecated;XDG_MENU_PREFIX=gnome-;SESSION_MANAGER=local/ubuntu174-ad2-vm:@/tmp/.ICE-unix/1137,unix/ubuntu174-ad2-vm:/tmp/.ICE-unix/1137;DISPLAY=:1024;WAYLAND_DISPLAY=wayland-0;DESKTOP_AUTOSTART_ID=10529f3a57a017902a169089429239959700000011370010;GIO_LAUNCHED_DESKTOP_FILE=/etc/xdg/autostart/org.gnome.SettingsDaemon.PrintNotifications.desktop;GIO_LAUNCHED_DESKTOP_FILE_PID=2034 "
5b950cc996a028215ceb3fce77521684fda2d21d9e92b2b52731a96481c01bb7,429563,gdm,2041,1137,2023-08-01 15:51:35,/usr/lib/gnome-settings-daemon/gsd-rfkill,"/usr/lib/gnome-settings-daemon/gsd-rfkill ",S,194912,4672,0.45,7,,/var/lib/gdm3,"USER=gdm;LANGUAGE=en_IL:en;XDG_SEAT=seat0;XDG_SESSION_TYPE=wayland;HOME=/var/lib/gdm3;DCONF_PROFILE=gdm;GDM_VERSION=3.28.3;GNOME_SHELL_SESSION_MODE=gdm;DBUS_SESSION_BUS_ADDRESS=unix:path=/run/user/121/bus;LOGNAME=gdm;XDG_SESSION_CLASS=greeter;USERNAME=gdm;XDG_SESSION_ID=c1;GVFS_REMOTE_VOLUME_MONITOR_IGNORE=1;PATH=/usr/local/sbin:/usr/local/bin:/usr/sbin:/usr/bin:/sbin:/bin:/snap/bin;XDG_RUNTIME_DIR=/run/user/121;LANG=en_IL;XDG_CURRENT_DESKTOP=GNOME-Greeter:GNOME;GVFS_DISABLE_FUSE=1;SHELL=/bin/false;XDG_VTNR=1;RUNNING_UNDER_GDM=true;PWD=/var/lib/gdm3;GDM_SEAT_ID=seat0;XDG_DATA_DIRS=/usr/share/gdm/greeter:/usr/local/share/:/usr/share/;GIO_USE_VFS=local;QT_IM_MODULE=ibus;XMODIFIERS=@im=ibus;GNOME_DESKTOP_SESSION_ID=this-is-deprecated;XDG_MENU_PREFIX=gnome-;SESSION_MANAGER=local/ubuntu174-ad2-vm:@/tmp/.ICE-unix/1137,unix/ubuntu174-ad2-vm:/tmp/.ICE-unix/1137;DISPLAY=:1024;WAYLAND_DISPLAY=wayland-0;DESKTOP_AUTOSTART_ID=10529f3a57a017902a169089429239980600000011370011;GIO_LAUNCHED_DESKTOP_FILE=/etc/xdg/autostart/org.gnome.SettingsDaemon.Rfkill.desktop;GIO_LAUNCHED_DESKTOP_FILE_PID=2041 "
3ec571bf096ca71cf9f0b9661db10d36d6c22f9cd684941e8ab2c996210f4486,429563,gdm,2047,1137,2023-08-01 15:51:35,/usr/lib/gnome-settings-daemon/gsd-screensaver-proxy,"/usr/lib/gnome-settings-daemon/gsd-screensaver-proxy ",S,268628,4828,0.46,7,,/var/lib/gdm3,"USER=gdm;LANGUAGE=en_IL:en;XDG_SEAT=seat0;XDG_SESSION_TYPE=wayland;HOME=/var/lib/gdm3;DCONF_PROFILE=gdm;GDM_VERSION=3.28.3;GNOME_SHELL_SESSION_MODE=gdm;DBUS_SESSION_BUS_ADDRESS=unix:path=/run/user/121/bus;LOGNAME=gdm;XDG_SESSION_CLASS=greeter;USERNAME=gdm;XDG_SESSION_ID=c1;GVFS_REMOTE_VOLUME_MONITOR_IGNORE=1;PATH=/usr/local/sbin:/usr/local/bin:/usr/sbin:/usr/bin:/sbin:/bin:/snap/bin;XDG_RUNTIME_DIR=/run/user/121;LANG=en_IL;XDG_CURRENT_DESKTOP=GNOME-Greeter:GNOME;GVFS_DISABLE_FUSE=1;SHELL=/bin/false;XDG_VTNR=1;RUNNING_UNDER_GDM=true;PWD=/var/lib/gdm3;GDM_SEAT_ID=seat0;XDG_DATA_DIRS=/usr/share/gdm/greeter:/usr/local/share/:/usr/share/;GIO_USE_VFS=local;QT_IM_MODULE=ibus;XMODIFIERS=@im=ibus;GNOME_DESKTOP_SESSION_ID=this-is-deprecated;XDG_MENU_PREFIX=gnome-;SESSION_MANAGER=local/ubuntu174-ad2-vm:@/tmp/.ICE-unix/1137,unix/ubuntu174-ad2-vm:/tmp/.ICE-unix/1137;DISPLAY=:1024;WAYLAND_DISPLAY=wayland-0;DESKTOP_AUTOSTART_ID=10529f3a57a017902a169089429240002800000011370012;GIO_LAUNCHED_DESKTOP_FILE=/etc/xdg/autostart/org.gnome.SettingsDaemon.ScreensaverProxy.desktop;GIO_LAUNCHED_DESKTOP_FILE_PID=2047 "
471708f858decc0e61283224072705c31b8be9f970d5f825e6a837d0832e514b,429563,gdm,2052,1137,2023-08-01 15:51:35,/usr/lib/gnome-settings-daemon/gsd-sharing,"/usr/lib/gnome-settings-daemon/gsd-sharing ",S,298004,8296,0.79,8,,/var/lib/gdm3,"USER=gdm;LANGUAGE=en_IL:en;XDG_SEAT=seat0;XDG_SESSION_TYPE=wayland;HOME=/var/lib/gdm3;DCONF_PROFILE=gdm;GDM_VERSION=3.28.3;GNOME_SHELL_SESSION_MODE=gdm;DBUS_SESSION_BUS_ADDRESS=unix:path=/run/user/121/bus;LOGNAME=gdm;XDG_SESSION_CLASS=greeter;USERNAME=gdm;XDG_SESSION_ID=c1;GVFS_REMOTE_VOLUME_MONITOR_IGNORE=1;PATH=/usr/local/sbin:/usr/local/bin:/usr/sbin:/usr/bin:/sbin:/bin:/snap/bin;XDG_RUNTIME_DIR=/run/user/121;LANG=en_IL;XDG_CURRENT_DESKTOP=GNOME-Greeter:GNOME;GVFS_DISABLE_FUSE=1;SHELL=/bin/false;XDG_VTNR=1;RUNNING_UNDER_GDM=true;PWD=/var/lib/gdm3;GDM_SEAT_ID=seat0;XDG_DATA_DIRS=/usr/share/gdm/greeter:/usr/local/share/:/usr/share/;GIO_USE_VFS=local;QT_IM_MODULE=ibus;XMODIFIERS=@im=ibus;GNOME_DESKTOP_SESSION_ID=this-is-deprecated;XDG_MENU_PREFIX=gnome-;SESSION_MANAGER=local/ubuntu174-ad2-vm:@/tmp/.ICE-unix/1137,unix/ubuntu174-ad2-vm:/tmp/.ICE-unix/1137;DISPLAY=:1024;WAYLAND_DISPLAY=wayland-0;DESKTOP_AUTOSTART_ID=10529f3a57a017902a169089429240025200000011370013;GIO_LAUNCHED_DESKTOP_FILE=/etc/xdg/autostart/org.gnome.SettingsDaemon.Sharing.desktop;GIO_LAUNCHED_DESKTOP_FILE_PID=2052 "
